Inno Setup 6 Command-Line Compiler
Copyright (C) 1997-2026 Jordan Russell. All rights reserved.
Portions Copyright (C) 2000-2026 Martijn Laan. All rights reserved.
Portions Copyright (C) 2001-2004 Alex Yackimoff. All rights reserved.
https://www.innosetup.com

Compiler engine version: Inno Setup 6.7.1
Non-commercial use only

Preprocessing
   Reading file: C:\Program Files (x86)\Inno Setup 6\ISPPBuiltins.iss
Parsing [Setup] section, line 26
Parsing [Setup] section, line 27
Parsing [Setup] section, line 28
Parsing [Setup] section, line 29
Parsing [Setup] section, line 30
Parsing [Setup] section, line 31
Parsing [Setup] section, line 32
Parsing [Setup] section, line 33
Parsing [Setup] section, line 34
Parsing [Setup] section, line 35
Parsing [Setup] section, line 40
Parsing [Setup] section, line 41
Parsing [Setup] section, line 42
Parsing [Setup] section, line 43
Parsing [Setup] section, line 44
Parsing [Setup] section, line 46
Parsing [Setup] section, line 47
Parsing [Setup] section, line 48
Parsing [Setup] section, line 52
Parsing [Setup] section, line 53
Parsing [Setup] section, line 56
Parsing [Setup] section, line 57
Parsing [Setup] section, line 58
Parsing [Setup] section, line 61
Parsing [Setup] section, line 62
Reading file (WizardImageFile)
Reading file (WizardSmallImageFile)
Preparing Setup program executable
   Verification successful
   Updating icons (Setup.e32)
   Updating version info (Setup.e32)
Determining language code pages
Parsing [Languages] section, line 65
   Reading file: C:\Program Files (x86)\Inno Setup 6\Default.isl
   Messages in script file
Reading default messages from Default.isl
Parsing [Languages] section, line 65
   Reading file: C:\Program Files (x86)\Inno Setup 6\Default.isl
Parsing [LangOptions], [Messages], and [CustomMessages] sections
   Messages in script file
Reading [Code] section
Parsing [Tasks] section, line 68
Parsing [Icons] section, line 88
Parsing [Icons] section, line 90
Parsing [Icons] section, line 91
Parsing [UninstallDelete] section, line 130
Parsing [UninstallDelete] section, line 131
Parsing [UninstallDelete] section, line 134
Parsing [Run] section, line 97
Parsing [UninstallRun] section, line 121
Parsing [Files] section, line 75
Parsing [Files] section, line 84
Compiling [Code] section
Deleting CopyTradesSetup-0.1.0.exe from output directory
Creating setup files
   Verification successful
   Updating icons (Setup.exe)
   Compressing: C:\Users\Administrator\Documents\projects\copytrades\dist\CopyTrades\CopyTrades.exe
   Compressing: C:\Users\Administrator\Documents\projects\copytrades\dist\CopyTrades\_internal\81d243bd2c585b0f4821__mypyc.cp313-win_amd64.pyd
   Compressing: C:\Users\Administrator\Documents\projects\copytrades\dist\CopyTrades\_internal\api-ms-win-core-console-l1-1-0.dll
   Compressing: C:\Users\Administrator\Documents\projects\copytrades\dist\CopyTrades\_internal\api-ms-win-core-datetime-l1-1-0.dll
   Compressing: C:\Users\Administrator\Documents\projects\copytrades\dist\CopyTrades\_internal\api-ms-win-core-debug-l1-1-0.dll
   Compressing: C:\Users\Administrator\Documents\projects\copytrades\dist\CopyTrades\_internal\api-ms-win-core-errorhandling-l1-1-0.dll
   Compressing: C:\Users\Administrator\Documents\projects\copytrades\dist\CopyTrades\_internal\api-ms-win-core-file-l1-1-0.dll
   Compressing: C:\Users\Administrator\Documents\projects\copytrades\dist\CopyTrades\_internal\api-ms-win-core-file-l1-2-0.dll
   Compressing: C:\Users\Administrator\Documents\projects\copytrades\dist\CopyTrades\_internal\api-ms-win-core-file-l2-1-0.dll
   Compressing: C:\Users\Administrator\Documents\projects\copytrades\dist\CopyTrades\_internal\api-ms-win-core-handle-l1-1-0.dll
   Compressing: C:\Users\Administrator\Documents\projects\copytrades\dist\CopyTrades\_internal\api-ms-win-core-heap-l1-1-0.dll
   Compressing: C:\Users\Administrator\Documents\projects\copytrades\dist\CopyTrades\_internal\api-ms-win-core-interlocked-l1-1-0.dll
   Compressing: C:\Users\Administrator\Documents\projects\copytrades\dist\CopyTrades\_internal\api-ms-win-core-libraryloader-l1-1-0.dll
   Compressing: C:\Users\Administrator\Documents\projects\copytrades\dist\CopyTrades\_internal\api-ms-win-core-localization-l1-2-0.dll
   Compressing: C:\Users\Administrator\Documents\projects\copytrades\dist\CopyTrades\_internal\api-ms-win-core-memory-l1-1-0.dll
   Compressing: C:\Users\Administrator\Documents\projects\copytrades\dist\CopyTrades\_internal\api-ms-win-core-namedpipe-l1-1-0.dll
   Compressing: C:\Users\Administrator\Documents\projects\copytrades\dist\CopyTrades\_internal\api-ms-win-core-processenvironment-l1-1-0.dll
   Compressing: C:\Users\Administrator\Documents\projects\copytrades\dist\CopyTrades\_internal\api-ms-win-core-processthreads-l1-1-0.dll
   Compressing: C:\Users\Administrator\Documents\projects\copytrades\dist\CopyTrades\_internal\api-ms-win-core-processthreads-l1-1-1.dll
   Compressing: C:\Users\Administrator\Documents\projects\copytrades\dist\CopyTrades\_internal\api-ms-win-core-profile-l1-1-0.dll
   Compressing: C:\Users\Administrator\Documents\projects\copytrades\dist\CopyTrades\_internal\api-ms-win-core-rtlsupport-l1-1-0.dll
   Compressing: C:\Users\Administrator\Documents\projects\copytrades\dist\CopyTrades\_internal\api-ms-win-core-string-l1-1-0.dll
   Compressing: C:\Users\Administrator\Documents\projects\copytrades\dist\CopyTrades\_internal\api-ms-win-core-synch-l1-1-0.dll
   Compressing: C:\Users\Administrator\Documents\projects\copytrades\dist\CopyTrades\_internal\api-ms-win-core-synch-l1-2-0.dll
   Compressing: C:\Users\Administrator\Documents\projects\copytrades\dist\CopyTrades\_internal\api-ms-win-core-sysinfo-l1-1-0.dll
   Compressing: C:\Users\Administrator\Documents\projects\copytrades\dist\CopyTrades\_internal\api-ms-win-core-timezone-l1-1-0.dll
   Compressing: C:\Users\Administrator\Documents\projects\copytrades\dist\CopyTrades\_internal\api-ms-win-core-util-l1-1-0.dll
   Compressing: C:\Users\Administrator\Documents\projects\copytrades\dist\CopyTrades\_internal\api-ms-win-crt-conio-l1-1-0.dll
   Compressing: C:\Users\Administrator\Documents\projects\copytrades\dist\CopyTrades\_internal\api-ms-win-crt-convert-l1-1-0.dll
   Compressing: C:\Users\Administrator\Documents\projects\copytrades\dist\CopyTrades\_internal\api-ms-win-crt-environment-l1-1-0.dll
   Compressing: C:\Users\Administrator\Documents\projects\copytrades\dist\CopyTrades\_internal\api-ms-win-crt-filesystem-l1-1-0.dll
   Compressing: C:\Users\Administrator\Documents\projects\copytrades\dist\CopyTrades\_internal\api-ms-win-crt-heap-l1-1-0.dll
   Compressing: C:\Users\Administrator\Documents\projects\copytrades\dist\CopyTrades\_internal\api-ms-win-crt-locale-l1-1-0.dll
   Compressing: C:\Users\Administrator\Documents\projects\copytrades\dist\CopyTrades\_internal\api-ms-win-crt-math-l1-1-0.dll
   Compressing: C:\Users\Administrator\Documents\projects\copytrades\dist\CopyTrades\_internal\api-ms-win-crt-private-l1-1-0.dll
   Compressing: C:\Users\Administrator\Documents\projects\copytrades\dist\CopyTrades\_internal\api-ms-win-crt-process-l1-1-0.dll
   Compressing: C:\Users\Administrator\Documents\projects\copytrades\dist\CopyTrades\_internal\api-ms-win-crt-runtime-l1-1-0.dll
   Compressing: C:\Users\Administrator\Documents\projects\copytrades\dist\CopyTrades\_internal\api-ms-win-crt-stdio-l1-1-0.dll
   Compressing: C:\Users\Administrator\Documents\projects\copytrades\dist\CopyTrades\_internal\api-ms-win-crt-string-l1-1-0.dll
   Compressing: C:\Users\Administrator\Documents\projects\copytrades\dist\CopyTrades\_internal\api-ms-win-crt-time-l1-1-0.dll
   Compressing: C:\Users\Administrator\Documents\projects\copytrades\dist\CopyTrades\_internal\api-ms-win-crt-utility-l1-1-0.dll
   Compressing: C:\Users\Administrator\Documents\projects\copytrades\dist\CopyTrades\_internal\base_library.zip
   Compressing: C:\Users\Administrator\Documents\projects\copytrades\dist\CopyTrades\_internal\copytrades.ico
   Compressing: C:\Users\Administrator\Documents\projects\copytrades\dist\CopyTrades\_internal\libcrypto-3-x64.dll
   Compressing: C:\Users\Administrator\Documents\projects\copytrades\dist\CopyTrades\_internal\libcrypto-3.dll
   Compressing: C:\Users\Administrator\Documents\projects\copytrades\dist\CopyTrades\_internal\libffi-8.dll
   Compressing: C:\Users\Administrator\Documents\projects\copytrades\dist\CopyTrades\_internal\libssl-3-x64.dll
   Compressing: C:\Users\Administrator\Documents\projects\copytrades\dist\CopyTrades\_internal\libssl-3.dll
   Compressing: C:\Users\Administrator\Documents\projects\copytrades\dist\CopyTrades\_internal\pyexpat.pyd
   Compressing: C:\Users\Administrator\Documents\projects\copytrades\dist\CopyTrades\_internal\python3.dll
   Compressing: C:\Users\Administrator\Documents\projects\copytrades\dist\CopyTrades\_internal\python313.dll
   Compressing: C:\Users\Administrator\Documents\projects\copytrades\dist\CopyTrades\_internal\select.pyd
   Compressing: C:\Users\Administrator\Documents\projects\copytrades\dist\CopyTrades\_internal\sqlite3.dll
   Compressing: C:\Users\Administrator\Documents\projects\copytrades\dist\CopyTrades\_internal\ucrtbase.dll
   Compressing: C:\Users\Administrator\Documents\projects\copytrades\dist\CopyTrades\_internal\unicodedata.pyd
   Compressing: C:\Users\Administrator\Documents\projects\copytrades\dist\CopyTrades\_internal\VCRUNTIME140.dll
   Compressing: C:\Users\Administrator\Documents\projects\copytrades\dist\CopyTrades\_internal\VCRUNTIME140_1.dll
   Compressing: C:\Users\Administrator\Documents\projects\copytrades\dist\CopyTrades\_internal\_asyncio.pyd
   Compressing: C:\Users\Administrator\Documents\projects\copytrades\dist\CopyTrades\_internal\_bz2.pyd
   Compressing: C:\Users\Administrator\Documents\projects\copytrades\dist\CopyTrades\_internal\_cffi_backend.cp313-win_amd64.pyd
   Compressing: C:\Users\Administrator\Documents\projects\copytrades\dist\CopyTrades\_internal\_ctypes.pyd
   Compressing: C:\Users\Administrator\Documents\projects\copytrades\dist\CopyTrades\_internal\_decimal.pyd
   Compressing: C:\Users\Administrator\Documents\projects\copytrades\dist\CopyTrades\_internal\_elementtree.pyd
   Compressing: C:\Users\Administrator\Documents\projects\copytrades\dist\CopyTrades\_internal\_hashlib.pyd
   Compressing: C:\Users\Administrator\Documents\projects\copytrades\dist\CopyTrades\_internal\_lzma.pyd
   Compressing: C:\Users\Administrator\Documents\projects\copytrades\dist\CopyTrades\_internal\_multiprocessing.pyd
   Compressing: C:\Users\Administrator\Documents\projects\copytrades\dist\CopyTrades\_internal\_overlapped.pyd
   Compressing: C:\Users\Administrator\Documents\projects\copytrades\dist\CopyTrades\_internal\_queue.pyd
   Compressing: C:\Users\Administrator\Documents\projects\copytrades\dist\CopyTrades\_internal\_socket.pyd
   Compressing: C:\Users\Administrator\Documents\projects\copytrades\dist\CopyTrades\_internal\_sqlite3.pyd
   Compressing: C:\Users\Administrator\Documents\projects\copytrades\dist\CopyTrades\_internal\_ssl.pyd
   Compressing: C:\Users\Administrator\Documents\projects\copytrades\dist\CopyTrades\_internal\_uuid.pyd
   Compressing: C:\Users\Administrator\Documents\projects\copytrades\dist\CopyTrades\_internal\_wmi.pyd
   Compressing: C:\Users\Administrator\Documents\projects\copytrades\dist\CopyTrades\_internal\_zoneinfo.pyd
   Compressing: C:\Users\Administrator\Documents\projects\copytrades\dist\CopyTrades\_internal\certifi\cacert.pem
   Compressing: C:\Users\Administrator\Documents\projects\copytrades\dist\CopyTrades\_internal\certifi\py.typed
   Compressing: C:\Users\Administrator\Documents\projects\copytrades\dist\CopyTrades\_internal\charset_normalizer\cd.cp313-win_amd64.pyd
   Compressing: C:\Users\Administrator\Documents\projects\copytrades\dist\CopyTrades\_internal\charset_normalizer\md.cp313-win_amd64.pyd
   Compressing: C:\Users\Administrator\Documents\projects\copytrades\dist\CopyTrades\_internal\click-8.3.2.dist-info\INSTALLER
   Compressing: C:\Users\Administrator\Documents\projects\copytrades\dist\CopyTrades\_internal\click-8.3.2.dist-info\METADATA
   Compressing: C:\Users\Administrator\Documents\projects\copytrades\dist\CopyTrades\_internal\click-8.3.2.dist-info\RECORD
   Compressing: C:\Users\Administrator\Documents\projects\copytrades\dist\CopyTrades\_internal\click-8.3.2.dist-info\WHEEL
   Compressing: C:\Users\Administrator\Documents\projects\copytrades\dist\CopyTrades\_internal\click-8.3.2.dist-info\licenses\LICENSE.txt
   Compressing: C:\Users\Administrator\Documents\projects\copytrades\dist\CopyTrades\_internal\curl_cffi\_wrapper.pyd
   Compressing: C:\Users\Administrator\Documents\projects\copytrades\dist\CopyTrades\_internal\curl_cffi-0.15.0.dist-info\entry_points.txt
   Compressing: C:\Users\Administrator\Documents\projects\copytrades\dist\CopyTrades\_internal\curl_cffi-0.15.0.dist-info\INSTALLER
   Compressing: C:\Users\Administrator\Documents\projects\copytrades\dist\CopyTrades\_internal\curl_cffi-0.15.0.dist-info\METADATA
   Compressing: C:\Users\Administrator\Documents\projects\copytrades\dist\CopyTrades\_internal\curl_cffi-0.15.0.dist-info\RECORD
   Compressing: C:\Users\Administrator\Documents\projects\copytrades\dist\CopyTrades\_internal\curl_cffi-0.15.0.dist-info\top_level.txt
   Compressing: C:\Users\Administrator\Documents\projects\copytrades\dist\CopyTrades\_internal\curl_cffi-0.15.0.dist-info\WHEEL
   Compressing: C:\Users\Administrator\Documents\projects\copytrades\dist\CopyTrades\_internal\curl_cffi-0.15.0.dist-info\licenses\LICENSE
   Compressing: C:\Users\Administrator\Documents\projects\copytrades\dist\CopyTrades\_internal\dateutil\zoneinfo\dateutil-zoneinfo.tar.gz
   Compressing: C:\Users\Administrator\Documents\projects\copytrades\dist\CopyTrades\_internal\google\_upb\_message.pyd
   Compressing: C:\Users\Administrator\Documents\projects\copytrades\dist\CopyTrades\_internal\httptools\parser\parser.cp313-win_amd64.pyd
   Compressing: C:\Users\Administrator\Documents\projects\copytrades\dist\CopyTrades\_internal\httptools\parser\url_parser.cp313-win_amd64.pyd
   Compressing: C:\Users\Administrator\Documents\projects\copytrades\dist\CopyTrades\_internal\jiter\jiter.cp313-win_amd64.pyd
   Compressing: C:\Users\Administrator\Documents\projects\copytrades\dist\CopyTrades\_internal\numpy\fft\_pocketfft_umath.cp313-win_amd64.pyd
   Compressing: C:\Users\Administrator\Documents\projects\copytrades\dist\CopyTrades\_internal\numpy\linalg\_umath_linalg.cp313-win_amd64.pyd
   Compressing: C:\Users\Administrator\Documents\projects\copytrades\dist\CopyTrades\_internal\numpy\random\bit_generator.cp313-win_amd64.pyd
   Compressing: C:\Users\Administrator\Documents\projects\copytrades\dist\CopyTrades\_internal\numpy\random\mtrand.cp313-win_amd64.pyd
   Compressing: C:\Users\Administrator\Documents\projects\copytrades\dist\CopyTrades\_internal\numpy\random\_bounded_integers.cp313-win_amd64.pyd
   Compressing: C:\Users\Administrator\Documents\projects\copytrades\dist\CopyTrades\_internal\numpy\random\_common.cp313-win_amd64.pyd
   Compressing: C:\Users\Administrator\Documents\projects\copytrades\dist\CopyTrades\_internal\numpy\random\_generator.cp313-win_amd64.pyd
   Compressing: C:\Users\Administrator\Documents\projects\copytrades\dist\CopyTrades\_internal\numpy\random\_mt19937.cp313-win_amd64.pyd
   Compressing: C:\Users\Administrator\Documents\projects\copytrades\dist\CopyTrades\_internal\numpy\random\_pcg64.cp313-win_amd64.pyd
   Compressing: C:\Users\Administrator\Documents\projects\copytrades\dist\CopyTrades\_internal\numpy\random\_philox.cp313-win_amd64.pyd
   Compressing: C:\Users\Administrator\Documents\projects\copytrades\dist\CopyTrades\_internal\numpy\random\_sfc64.cp313-win_amd64.pyd
   Compressing: C:\Users\Administrator\Documents\projects\copytrades\dist\CopyTrades\_internal\numpy\_core\_multiarray_tests.cp313-win_amd64.pyd
   Compressing: C:\Users\Administrator\Documents\projects\copytrades\dist\CopyTrades\_internal\numpy\_core\_multiarray_umath.cp313-win_amd64.pyd
   Compressing: C:\Users\Administrator\Documents\projects\copytrades\dist\CopyTrades\_internal\numpy-2.4.4.dist-info\DELVEWHEEL
   Compressing: C:\Users\Administrator\Documents\projects\copytrades\dist\CopyTrades\_internal\numpy-2.4.4.dist-info\entry_points.txt
   Compressing: C:\Users\Administrator\Documents\projects\copytrades\dist\CopyTrades\_internal\numpy-2.4.4.dist-info\INSTALLER
   Compressing: C:\Users\Administrator\Documents\projects\copytrades\dist\CopyTrades\_internal\numpy-2.4.4.dist-info\METADATA
   Compressing: C:\Users\Administrator\Documents\projects\copytrades\dist\CopyTrades\_internal\numpy-2.4.4.dist-info\RECORD
   Compressing: C:\Users\Administrator\Documents\projects\copytrades\dist\CopyTrades\_internal\numpy-2.4.4.dist-info\WHEEL
   Compressing: C:\Users\Administrator\Documents\projects\copytrades\dist\CopyTrades\_internal\numpy-2.4.4.dist-info\licenses\LICENSE.txt
   Compressing: C:\Users\Administrator\Documents\projects\copytrades\dist\CopyTrades\_internal\numpy-2.4.4.dist-info\licenses\numpy\fft\pocketfft\LICENSE.md
   Compressing: C:\Users\Administrator\Documents\projects\copytrades\dist\CopyTrades\_internal\numpy-2.4.4.dist-info\licenses\numpy\linalg\lapack_lite\LICENSE.txt
   Compressing: C:\Users\Administrator\Documents\projects\copytrades\dist\CopyTrades\_internal\numpy-2.4.4.dist-info\licenses\numpy\ma\LICENSE
   Compressing: C:\Users\Administrator\Documents\projects\copytrades\dist\CopyTrades\_internal\numpy-2.4.4.dist-info\licenses\numpy\random\LICENSE.md
   Compressing: C:\Users\Administrator\Documents\projects\copytrades\dist\CopyTrades\_internal\numpy-2.4.4.dist-info\licenses\numpy\random\src\distributions\LICENSE.md
   Compressing: C:\Users\Administrator\Documents\projects\copytrades\dist\CopyTrades\_internal\numpy-2.4.4.dist-info\licenses\numpy\random\src\mt19937\LICENSE.md
   Compressing: C:\Users\Administrator\Documents\projects\copytrades\dist\CopyTrades\_internal\numpy-2.4.4.dist-info\licenses\numpy\random\src\pcg64\LICENSE.md
   Compressing: C:\Users\Administrator\Documents\projects\copytrades\dist\CopyTrades\_internal\numpy-2.4.4.dist-info\licenses\numpy\random\src\philox\LICENSE.md
   Compressing: C:\Users\Administrator\Documents\projects\copytrades\dist\CopyTrades\_internal\numpy-2.4.4.dist-info\licenses\numpy\random\src\sfc64\LICENSE.md
   Compressing: C:\Users\Administrator\Documents\projects\copytrades\dist\CopyTrades\_internal\numpy-2.4.4.dist-info\licenses\numpy\random\src\splitmix64\LICENSE.md
   Compressing: C:\Users\Administrator\Documents\projects\copytrades\dist\CopyTrades\_internal\numpy-2.4.4.dist-info\licenses\numpy\_core\include\numpy\libdivide\LICENSE.txt
   Compressing: C:\Users\Administrator\Documents\projects\copytrades\dist\CopyTrades\_internal\numpy-2.4.4.dist-info\licenses\numpy\_core\src\common\pythoncapi-compat\COPYING
   Compressing: C:\Users\Administrator\Documents\projects\copytrades\dist\CopyTrades\_internal\numpy-2.4.4.dist-info\licenses\numpy\_core\src\highway\LICENSE
   Compressing: C:\Users\Administrator\Documents\projects\copytrades\dist\CopyTrades\_internal\numpy-2.4.4.dist-info\licenses\numpy\_core\src\multiarray\dragon4_LICENSE.txt
   Compressing: C:\Users\Administrator\Documents\projects\copytrades\dist\CopyTrades\_internal\numpy-2.4.4.dist-info\licenses\numpy\_core\src\npysort\x86-simd-sort\LICENSE.md
   Compressing: C:\Users\Administrator\Documents\projects\copytrades\dist\CopyTrades\_internal\numpy-2.4.4.dist-info\licenses\numpy\_core\src\umath\svml\LICENSE
   Compressing: C:\Users\Administrator\Documents\projects\copytrades\dist\CopyTrades\_internal\numpy.libs\libscipy_openblas64_-63c857e738469261263c764a36be9436.dll
   Compressing: C:\Users\Administrator\Documents\projects\copytrades\dist\CopyTrades\_internal\numpy.libs\msvcp140-a4c2229bdc2a2a630acdc095b4d86008.dll
   Compressing: C:\Users\Administrator\Documents\projects\copytrades\dist\CopyTrades\_internal\pandas\io\formats\templates\html.tpl
   Compressing: C:\Users\Administrator\Documents\projects\copytrades\dist\CopyTrades\_internal\pandas\io\formats\templates\html_style.tpl
   Compressing: C:\Users\Administrator\Documents\projects\copytrades\dist\CopyTrades\_internal\pandas\io\formats\templates\html_table.tpl
   Compressing: C:\Users\Administrator\Documents\projects\copytrades\dist\CopyTrades\_internal\pandas\io\formats\templates\latex.tpl
   Compressing: C:\Users\Administrator\Documents\projects\copytrades\dist\CopyTrades\_internal\pandas\io\formats\templates\latex_longtable.tpl
   Compressing: C:\Users\Administrator\Documents\projects\copytrades\dist\CopyTrades\_internal\pandas\io\formats\templates\latex_table.tpl
   Compressing: C:\Users\Administrator\Documents\projects\copytrades\dist\CopyTrades\_internal\pandas\io\formats\templates\string.tpl
   Compressing: C:\Users\Administrator\Documents\projects\copytrades\dist\CopyTrades\_internal\pandas\io\formats\templates\typst.tpl
   Compressing: C:\Users\Administrator\Documents\projects\copytrades\dist\CopyTrades\_internal\pandas\_libs\algos.cp313-win_amd64.pyd
   Compressing: C:\Users\Administrator\Documents\projects\copytrades\dist\CopyTrades\_internal\pandas\_libs\arrays.cp313-win_amd64.pyd
   Compressing: C:\Users\Administrator\Documents\projects\copytrades\dist\CopyTrades\_internal\pandas\_libs\byteswap.cp313-win_amd64.pyd
   Compressing: C:\Users\Administrator\Documents\projects\copytrades\dist\CopyTrades\_internal\pandas\_libs\groupby.cp313-win_amd64.pyd
   Compressing: C:\Users\Administrator\Documents\projects\copytrades\dist\CopyTrades\_internal\pandas\_libs\hashing.cp313-win_amd64.pyd
   Compressing: C:\Users\Administrator\Documents\projects\copytrades\dist\CopyTrades\_internal\pandas\_libs\hashtable.cp313-win_amd64.pyd
   Compressing: C:\Users\Administrator\Documents\projects\copytrades\dist\CopyTrades\_internal\pandas\_libs\index.cp313-win_amd64.pyd
   Compressing: C:\Users\Administrator\Documents\projects\copytrades\dist\CopyTrades\_internal\pandas\_libs\indexing.cp313-win_amd64.pyd
   Compressing: C:\Users\Administrator\Documents\projects\copytrades\dist\CopyTrades\_internal\pandas\_libs\internals.cp313-win_amd64.pyd
   Compressing: C:\Users\Administrator\Documents\projects\copytrades\dist\CopyTrades\_internal\pandas\_libs\interval.cp313-win_amd64.pyd
   Compressing: C:\Users\Administrator\Documents\projects\copytrades\dist\CopyTrades\_internal\pandas\_libs\join.cp313-win_amd64.pyd
   Compressing: C:\Users\Administrator\Documents\projects\copytrades\dist\CopyTrades\_internal\pandas\_libs\json.cp313-win_amd64.pyd
   Compressing: C:\Users\Administrator\Documents\projects\copytrades\dist\CopyTrades\_internal\pandas\_libs\lib.cp313-win_amd64.pyd
   Compressing: C:\Users\Administrator\Documents\projects\copytrades\dist\CopyTrades\_internal\pandas\_libs\missing.cp313-win_amd64.pyd
   Compressing: C:\Users\Administrator\Documents\projects\copytrades\dist\CopyTrades\_internal\pandas\_libs\ops.cp313-win_amd64.pyd
   Compressing: C:\Users\Administrator\Documents\projects\copytrades\dist\CopyTrades\_internal\pandas\_libs\ops_dispatch.cp313-win_amd64.pyd
   Compressing: C:\Users\Administrator\Documents\projects\copytrades\dist\CopyTrades\_internal\pandas\_libs\pandas_datetime.cp313-win_amd64.pyd
   Compressing: C:\Users\Administrator\Documents\projects\copytrades\dist\CopyTrades\_internal\pandas\_libs\pandas_parser.cp313-win_amd64.pyd
   Compressing: C:\Users\Administrator\Documents\projects\copytrades\dist\CopyTrades\_internal\pandas\_libs\parsers.cp313-win_amd64.pyd
   Compressing: C:\Users\Administrator\Documents\projects\copytrades\dist\CopyTrades\_internal\pandas\_libs\properties.cp313-win_amd64.pyd
   Compressing: C:\Users\Administrator\Documents\projects\copytrades\dist\CopyTrades\_internal\pandas\_libs\reshape.cp313-win_amd64.pyd
   Compressing: C:\Users\Administrator\Documents\projects\copytrades\dist\CopyTrades\_internal\pandas\_libs\sas.cp313-win_amd64.pyd
   Compressing: C:\Users\Administrator\Documents\projects\copytrades\dist\CopyTrades\_internal\pandas\_libs\sparse.cp313-win_amd64.pyd
   Compressing: C:\Users\Administrator\Documents\projects\copytrades\dist\CopyTrades\_internal\pandas\_libs\testing.cp313-win_amd64.pyd
   Compressing: C:\Users\Administrator\Documents\projects\copytrades\dist\CopyTrades\_internal\pandas\_libs\tslib.cp313-win_amd64.pyd
   Compressing: C:\Users\Administrator\Documents\projects\copytrades\dist\CopyTrades\_internal\pandas\_libs\writers.cp313-win_amd64.pyd
   Compressing: C:\Users\Administrator\Documents\projects\copytrades\dist\CopyTrades\_internal\pandas\_libs\_cyutility.cp313-win_amd64.pyd
   Compressing: C:\Users\Administrator\Documents\projects\copytrades\dist\CopyTrades\_internal\pandas\_libs\tslibs\base.cp313-win_amd64.pyd
   Compressing: C:\Users\Administrator\Documents\projects\copytrades\dist\CopyTrades\_internal\pandas\_libs\tslibs\ccalendar.cp313-win_amd64.pyd
   Compressing: C:\Users\Administrator\Documents\projects\copytrades\dist\CopyTrades\_internal\pandas\_libs\tslibs\conversion.cp313-win_amd64.pyd
   Compressing: C:\Users\Administrator\Documents\projects\copytrades\dist\CopyTrades\_internal\pandas\_libs\tslibs\dtypes.cp313-win_amd64.pyd
   Compressing: C:\Users\Administrator\Documents\projects\copytrades\dist\CopyTrades\_internal\pandas\_libs\tslibs\fields.cp313-win_amd64.pyd
   Compressing: C:\Users\Administrator\Documents\projects\copytrades\dist\CopyTrades\_internal\pandas\_libs\tslibs\nattype.cp313-win_amd64.pyd
   Compressing: C:\Users\Administrator\Documents\projects\copytrades\dist\CopyTrades\_internal\pandas\_libs\tslibs\np_datetime.cp313-win_amd64.pyd
   Compressing: C:\Users\Administrator\Documents\projects\copytrades\dist\CopyTrades\_internal\pandas\_libs\tslibs\offsets.cp313-win_amd64.pyd
   Compressing: C:\Users\Administrator\Documents\projects\copytrades\dist\CopyTrades\_internal\pandas\_libs\tslibs\parsing.cp313-win_amd64.pyd
   Compressing: C:\Users\Administrator\Documents\projects\copytrades\dist\CopyTrades\_internal\pandas\_libs\tslibs\period.cp313-win_amd64.pyd
   Compressing: C:\Users\Administrator\Documents\projects\copytrades\dist\CopyTrades\_internal\pandas\_libs\tslibs\strptime.cp313-win_amd64.pyd
   Compressing: C:\Users\Administrator\Documents\projects\copytrades\dist\CopyTrades\_internal\pandas\_libs\tslibs\timedeltas.cp313-win_amd64.pyd
   Compressing: C:\Users\Administrator\Documents\projects\copytrades\dist\CopyTrades\_internal\pandas\_libs\tslibs\timestamps.cp313-win_amd64.pyd
   Compressing: C:\Users\Administrator\Documents\projects\copytrades\dist\CopyTrades\_internal\pandas\_libs\tslibs\timezones.cp313-win_amd64.pyd
   Compressing: C:\Users\Administrator\Documents\projects\copytrades\dist\CopyTrades\_internal\pandas\_libs\tslibs\tzconversion.cp313-win_amd64.pyd
   Compressing: C:\Users\Administrator\Documents\projects\copytrades\dist\CopyTrades\_internal\pandas\_libs\tslibs\vectorized.cp313-win_amd64.pyd
   Compressing: C:\Users\Administrator\Documents\projects\copytrades\dist\CopyTrades\_internal\pandas\_libs\window\aggregations.cp313-win_amd64.pyd
   Compressing: C:\Users\Administrator\Documents\projects\copytrades\dist\CopyTrades\_internal\pandas\_libs\window\indexers.cp313-win_amd64.pyd
   Compressing: C:\Users\Administrator\Documents\projects\copytrades\dist\CopyTrades\_internal\pandas.libs\msvcp140-a4c2229bdc2a2a630acdc095b4d86008.dll
   Compressing: C:\Users\Administrator\Documents\projects\copytrades\dist\CopyTrades\_internal\pydantic-2.13.2.dist-info\INSTALLER
   Compressing: C:\Users\Administrator\Documents\projects\copytrades\dist\CopyTrades\_internal\pydantic-2.13.2.dist-info\METADATA
   Compressing: C:\Users\Administrator\Documents\projects\copytrades\dist\CopyTrades\_internal\pydantic-2.13.2.dist-info\RECORD
   Compressing: C:\Users\Administrator\Documents\projects\copytrades\dist\CopyTrades\_internal\pydantic-2.13.2.dist-info\WHEEL
   Compressing: C:\Users\Administrator\Documents\projects\copytrades\dist\CopyTrades\_internal\pydantic-2.13.2.dist-info\licenses\LICENSE
   Compressing: C:\Users\Administrator\Documents\projects\copytrades\dist\CopyTrades\_internal\pydantic_core\_pydantic_core.cp313-win_amd64.pyd
   Compressing: C:\Users\Administrator\Documents\projects\copytrades\dist\CopyTrades\_internal\PySide6\MSVCP140.dll
   Compressing: C:\Users\Administrator\Documents\projects\copytrades\dist\CopyTrades\_internal\PySide6\MSVCP140_1.dll
   Compressing: C:\Users\Administrator\Documents\projects\copytrades\dist\CopyTrades\_internal\PySide6\MSVCP140_2.dll
   Compressing: C:\Users\Administrator\Documents\projects\copytrades\dist\CopyTrades\_internal\PySide6\opengl32sw.dll
   Compressing: C:\Users\Administrator\Documents\projects\copytrades\dist\CopyTrades\_internal\PySide6\pyside6.abi3.dll
   Compressing: C:\Users\Administrator\Documents\projects\copytrades\dist\CopyTrades\_internal\PySide6\Qt6Charts.dll
   Compressing: C:\Users\Administrator\Documents\projects\copytrades\dist\CopyTrades\_internal\PySide6\Qt6Core.dll
   Compressing: C:\Users\Administrator\Documents\projects\copytrades\dist\CopyTrades\_internal\PySide6\Qt6Gui.dll
   Compressing: C:\Users\Administrator\Documents\projects\copytrades\dist\CopyTrades\_internal\PySide6\Qt6Network.dll
   Compressing: C:\Users\Administrator\Documents\projects\copytrades\dist\CopyTrades\_internal\PySide6\Qt6OpenGL.dll
   Compressing: C:\Users\Administrator\Documents\projects\copytrades\dist\CopyTrades\_internal\PySide6\Qt6OpenGLWidgets.dll
   Compressing: C:\Users\Administrator\Documents\projects\copytrades\dist\CopyTrades\_internal\PySide6\Qt6Pdf.dll
   Compressing: C:\Users\Administrator\Documents\projects\copytrades\dist\CopyTrades\_internal\PySide6\Qt6Qml.dll
   Compressing: C:\Users\Administrator\Documents\projects\copytrades\dist\CopyTrades\_internal\PySide6\Qt6QmlMeta.dll
   Compressing: C:\Users\Administrator\Documents\projects\copytrades\dist\CopyTrades\_internal\PySide6\Qt6QmlModels.dll
   Compressing: C:\Users\Administrator\Documents\projects\copytrades\dist\CopyTrades\_internal\PySide6\Qt6QmlWorkerScript.dll
   Compressing: C:\Users\Administrator\Documents\projects\copytrades\dist\CopyTrades\_internal\PySide6\Qt6Quick.dll
   Compressing: C:\Users\Administrator\Documents\projects\copytrades\dist\CopyTrades\_internal\PySide6\Qt6Svg.dll
   Compressing: C:\Users\Administrator\Documents\projects\copytrades\dist\CopyTrades\_internal\PySide6\Qt6SvgWidgets.dll
   Compressing: C:\Users\Administrator\Documents\projects\copytrades\dist\CopyTrades\_internal\PySide6\Qt6VirtualKeyboard.dll
   Compressing: C:\Users\Administrator\Documents\projects\copytrades\dist\CopyTrades\_internal\PySide6\Qt6Widgets.dll
   Compressing: C:\Users\Administrator\Documents\projects\copytrades\dist\CopyTrades\_internal\PySide6\Qt6Xml.dll
   Compressing: C:\Users\Administrator\Documents\projects\copytrades\dist\CopyTrades\_internal\PySide6\QtCharts.pyd
   Compressing: C:\Users\Administrator\Documents\projects\copytrades\dist\CopyTrades\_internal\PySide6\QtCore.pyd
   Compressing: C:\Users\Administrator\Documents\projects\copytrades\dist\CopyTrades\_internal\PySide6\QtGui.pyd
   Compressing: C:\Users\Administrator\Documents\projects\copytrades\dist\CopyTrades\_internal\PySide6\QtNetwork.pyd
   Compressing: C:\Users\Administrator\Documents\projects\copytrades\dist\CopyTrades\_internal\PySide6\QtOpenGL.pyd
   Compressing: C:\Users\Administrator\Documents\projects\copytrades\dist\CopyTrades\_internal\PySide6\QtOpenGLWidgets.pyd
   Compressing: C:\Users\Administrator\Documents\projects\copytrades\dist\CopyTrades\_internal\PySide6\QtSvg.pyd
   Compressing: C:\Users\Administrator\Documents\projects\copytrades\dist\CopyTrades\_internal\PySide6\QtSvgWidgets.pyd
   Compressing: C:\Users\Administrator\Documents\projects\copytrades\dist\CopyTrades\_internal\PySide6\QtWidgets.pyd
   Compressing: C:\Users\Administrator\Documents\projects\copytrades\dist\CopyTrades\_internal\PySide6\QtXml.pyd
   Compressing: C:\Users\Administrator\Documents\projects\copytrades\dist\CopyTrades\_internal\PySide6\VCRUNTIME140.dll
   Compressing: C:\Users\Administrator\Documents\projects\copytrades\dist\CopyTrades\_internal\PySide6\VCRUNTIME140_1.dll
   Compressing: C:\Users\Administrator\Documents\projects\copytrades\dist\CopyTrades\_internal\PySide6\plugins\generic\qtuiotouchplugin.dll
   Compressing: C:\Users\Administrator\Documents\projects\copytrades\dist\CopyTrades\_internal\PySide6\plugins\iconengines\qsvgicon.dll
   Compressing: C:\Users\Administrator\Documents\projects\copytrades\dist\CopyTrades\_internal\PySide6\plugins\imageformats\qgif.dll
   Compressing: C:\Users\Administrator\Documents\projects\copytrades\dist\CopyTrades\_internal\PySide6\plugins\imageformats\qicns.dll
   Compressing: C:\Users\Administrator\Documents\projects\copytrades\dist\CopyTrades\_internal\PySide6\plugins\imageformats\qico.dll
   Compressing: C:\Users\Administrator\Documents\projects\copytrades\dist\CopyTrades\_internal\PySide6\plugins\imageformats\qjpeg.dll
   Compressing: C:\Users\Administrator\Documents\projects\copytrades\dist\CopyTrades\_internal\PySide6\plugins\imageformats\qpdf.dll
   Compressing: C:\Users\Administrator\Documents\projects\copytrades\dist\CopyTrades\_internal\PySide6\plugins\imageformats\qsvg.dll
   Compressing: C:\Users\Administrator\Documents\projects\copytrades\dist\CopyTrades\_internal\PySide6\plugins\imageformats\qtga.dll
   Compressing: C:\Users\Administrator\Documents\projects\copytrades\dist\CopyTrades\_internal\PySide6\plugins\imageformats\qtiff.dll
   Compressing: C:\Users\Administrator\Documents\projects\copytrades\dist\CopyTrades\_internal\PySide6\plugins\imageformats\qwbmp.dll
   Compressing: C:\Users\Administrator\Documents\projects\copytrades\dist\CopyTrades\_internal\PySide6\plugins\imageformats\qwebp.dll
   Compressing: C:\Users\Administrator\Documents\projects\copytrades\dist\CopyTrades\_internal\PySide6\plugins\networkinformation\qnetworklistmanager.dll
   Compressing: C:\Users\Administrator\Documents\projects\copytrades\dist\CopyTrades\_internal\PySide6\plugins\platforminputcontexts\qtvirtualkeyboardplugin.dll
   Compressing: C:\Users\Administrator\Documents\projects\copytrades\dist\CopyTrades\_internal\PySide6\plugins\platforms\qdirect2d.dll
   Compressing: C:\Users\Administrator\Documents\projects\copytrades\dist\CopyTrades\_internal\PySide6\plugins\platforms\qminimal.dll
   Compressing: C:\Users\Administrator\Documents\projects\copytrades\dist\CopyTrades\_internal\PySide6\plugins\platforms\qoffscreen.dll
   Compressing: C:\Users\Administrator\Documents\projects\copytrades\dist\CopyTrades\_internal\PySide6\plugins\platforms\qwindows.dll
   Compressing: C:\Users\Administrator\Documents\projects\copytrades\dist\CopyTrades\_internal\PySide6\plugins\styles\qmodernwindowsstyle.dll
   Compressing: C:\Users\Administrator\Documents\projects\copytrades\dist\CopyTrades\_internal\PySide6\plugins\tls\qcertonlybackend.dll
   Compressing: C:\Users\Administrator\Documents\projects\copytrades\dist\CopyTrades\_internal\PySide6\plugins\tls\qopensslbackend.dll
   Compressing: C:\Users\Administrator\Documents\projects\copytrades\dist\CopyTrades\_internal\PySide6\plugins\tls\qschannelbackend.dll
   Compressing: C:\Users\Administrator\Documents\projects\copytrades\dist\CopyTrades\_internal\PySide6\translations\qtbase_ar.qm
   Compressing: C:\Users\Administrator\Documents\projects\copytrades\dist\CopyTrades\_internal\PySide6\translations\qtbase_bg.qm
   Compressing: C:\Users\Administrator\Documents\projects\copytrades\dist\CopyTrades\_internal\PySide6\translations\qtbase_ca.qm
   Compressing: C:\Users\Administrator\Documents\projects\copytrades\dist\CopyTrades\_internal\PySide6\translations\qtbase_cs.qm
   Compressing: C:\Users\Administrator\Documents\projects\copytrades\dist\CopyTrades\_internal\PySide6\translations\qtbase_da.qm
   Compressing: C:\Users\Administrator\Documents\projects\copytrades\dist\CopyTrades\_internal\PySide6\translations\qtbase_de.qm
   Compressing: C:\Users\Administrator\Documents\projects\copytrades\dist\CopyTrades\_internal\PySide6\translations\qtbase_en.qm
   Compressing: C:\Users\Administrator\Documents\projects\copytrades\dist\CopyTrades\_internal\PySide6\translations\qtbase_es.qm
   Compressing: C:\Users\Administrator\Documents\projects\copytrades\dist\CopyTrades\_internal\PySide6\translations\qtbase_fa.qm
   Compressing: C:\Users\Administrator\Documents\projects\copytrades\dist\CopyTrades\_internal\PySide6\translations\qtbase_fi.qm
   Compressing: C:\Users\Administrator\Documents\projects\copytrades\dist\CopyTrades\_internal\PySide6\translations\qtbase_fr.qm
   Compressing: C:\Users\Administrator\Documents\projects\copytrades\dist\CopyTrades\_internal\PySide6\translations\qtbase_gd.qm
   Compressing: C:\Users\Administrator\Documents\projects\copytrades\dist\CopyTrades\_internal\PySide6\translations\qtbase_he.qm
   Compressing: C:\Users\Administrator\Documents\projects\copytrades\dist\CopyTrades\_internal\PySide6\translations\qtbase_hr.qm
   Compressing: C:\Users\Administrator\Documents\projects\copytrades\dist\CopyTrades\_internal\PySide6\translations\qtbase_hu.qm
   Compressing: C:\Users\Administrator\Documents\projects\copytrades\dist\CopyTrades\_internal\PySide6\translations\qtbase_it.qm
   Compressing: C:\Users\Administrator\Documents\projects\copytrades\dist\CopyTrades\_internal\PySide6\translations\qtbase_ja.qm
   Compressing: C:\Users\Administrator\Documents\projects\copytrades\dist\CopyTrades\_internal\PySide6\translations\qtbase_ka.qm
   Compressing: C:\Users\Administrator\Documents\projects\copytrades\dist\CopyTrades\_internal\PySide6\translations\qtbase_ko.qm
   Compressing: C:\Users\Administrator\Documents\projects\copytrades\dist\CopyTrades\_internal\PySide6\translations\qtbase_lg.qm
   Compressing: C:\Users\Administrator\Documents\projects\copytrades\dist\CopyTrades\_internal\PySide6\translations\qtbase_lv.qm
   Compressing: C:\Users\Administrator\Documents\projects\copytrades\dist\CopyTrades\_internal\PySide6\translations\qtbase_nl.qm
   Compressing: C:\Users\Administrator\Documents\projects\copytrades\dist\CopyTrades\_internal\PySide6\translations\qtbase_nn.qm
   Compressing: C:\Users\Administrator\Documents\projects\copytrades\dist\CopyTrades\_internal\PySide6\translations\qtbase_pl.qm
   Compressing: C:\Users\Administrator\Documents\projects\copytrades\dist\CopyTrades\_internal\PySide6\translations\qtbase_pt_BR.qm
   Compressing: C:\Users\Administrator\Documents\projects\copytrades\dist\CopyTrades\_internal\PySide6\translations\qtbase_ru.qm
   Compressing: C:\Users\Administrator\Documents\projects\copytrades\dist\CopyTrades\_internal\PySide6\translations\qtbase_sk.qm
   Compressing: C:\Users\Administrator\Documents\projects\copytrades\dist\CopyTrades\_internal\PySide6\translations\qtbase_sv.qm
   Compressing: C:\Users\Administrator\Documents\projects\copytrades\dist\CopyTrades\_internal\PySide6\translations\qtbase_tr.qm
   Compressing: C:\Users\Administrator\Documents\projects\copytrades\dist\CopyTrades\_internal\PySide6\translations\qtbase_uk.qm
   Compressing: C:\Users\Administrator\Documents\projects\copytrades\dist\CopyTrades\_internal\PySide6\translations\qtbase_zh_CN.qm
   Compressing: C:\Users\Administrator\Documents\projects\copytrades\dist\CopyTrades\_internal\PySide6\translations\qtbase_zh_TW.qm
   Compressing: C:\Users\Administrator\Documents\projects\copytrades\dist\CopyTrades\_internal\PySide6\translations\qt_ar.qm
   Compressing: C:\Users\Administrator\Documents\projects\copytrades\dist\CopyTrades\_internal\PySide6\translations\qt_bg.qm
   Compressing: C:\Users\Administrator\Documents\projects\copytrades\dist\CopyTrades\_internal\PySide6\translations\qt_ca.qm
   Compressing: C:\Users\Administrator\Documents\projects\copytrades\dist\CopyTrades\_internal\PySide6\translations\qt_cs.qm
   Compressing: C:\Users\Administrator\Documents\projects\copytrades\dist\CopyTrades\_internal\PySide6\translations\qt_da.qm
   Compressing: C:\Users\Administrator\Documents\projects\copytrades\dist\CopyTrades\_internal\PySide6\translations\qt_de.qm
   Compressing: C:\Users\Administrator\Documents\projects\copytrades\dist\CopyTrades\_internal\PySide6\translations\qt_en.qm
   Compressing: C:\Users\Administrator\Documents\projects\copytrades\dist\CopyTrades\_internal\PySide6\translations\qt_es.qm
   Compressing: C:\Users\Administrator\Documents\projects\copytrades\dist\CopyTrades\_internal\PySide6\translations\qt_fa.qm
   Compressing: C:\Users\Administrator\Documents\projects\copytrades\dist\CopyTrades\_internal\PySide6\translations\qt_fi.qm
   Compressing: C:\Users\Administrator\Documents\projects\copytrades\dist\CopyTrades\_internal\PySide6\translations\qt_fr.qm
   Compressing: C:\Users\Administrator\Documents\projects\copytrades\dist\CopyTrades\_internal\PySide6\translations\qt_gd.qm
   Compressing: C:\Users\Administrator\Documents\projects\copytrades\dist\CopyTrades\_internal\PySide6\translations\qt_gl.qm
   Compressing: C:\Users\Administrator\Documents\projects\copytrades\dist\CopyTrades\_internal\PySide6\translations\qt_he.qm
   Compressing: C:\Users\Administrator\Documents\projects\copytrades\dist\CopyTrades\_internal\PySide6\translations\qt_help_ar.qm
   Compressing: C:\Users\Administrator\Documents\projects\copytrades\dist\CopyTrades\_internal\PySide6\translations\qt_help_bg.qm
   Compressing: C:\Users\Administrator\Documents\projects\copytrades\dist\CopyTrades\_internal\PySide6\translations\qt_help_ca.qm
   Compressing: C:\Users\Administrator\Documents\projects\copytrades\dist\CopyTrades\_internal\PySide6\translations\qt_help_cs.qm
   Compressing: C:\Users\Administrator\Documents\projects\copytrades\dist\CopyTrades\_internal\PySide6\translations\qt_help_da.qm
   Compressing: C:\Users\Administrator\Documents\projects\copytrades\dist\CopyTrades\_internal\PySide6\translations\qt_help_de.qm
   Compressing: C:\Users\Administrator\Documents\projects\copytrades\dist\CopyTrades\_internal\PySide6\translations\qt_help_en.qm
   Compressing: C:\Users\Administrator\Documents\projects\copytrades\dist\CopyTrades\_internal\PySide6\translations\qt_help_es.qm
   Compressing: C:\Users\Administrator\Documents\projects\copytrades\dist\CopyTrades\_internal\PySide6\translations\qt_help_fr.qm
   Compressing: C:\Users\Administrator\Documents\projects\copytrades\dist\CopyTrades\_internal\PySide6\translations\qt_help_gl.qm
   Compressing: C:\Users\Administrator\Documents\projects\copytrades\dist\CopyTrades\_internal\PySide6\translations\qt_help_hr.qm
   Compressing: C:\Users\Administrator\Documents\projects\copytrades\dist\CopyTrades\_internal\PySide6\translations\qt_help_hu.qm
   Compressing: C:\Users\Administrator\Documents\projects\copytrades\dist\CopyTrades\_internal\PySide6\translations\qt_help_it.qm
   Compressing: C:\Users\Administrator\Documents\projects\copytrades\dist\CopyTrades\_internal\PySide6\translations\qt_help_ja.qm
   Compressing: C:\Users\Administrator\Documents\projects\copytrades\dist\CopyTrades\_internal\PySide6\translations\qt_help_ka.qm
   Compressing: C:\Users\Administrator\Documents\projects\copytrades\dist\CopyTrades\_internal\PySide6\translations\qt_help_ko.qm
   Compressing: C:\Users\Administrator\Documents\projects\copytrades\dist\CopyTrades\_internal\PySide6\translations\qt_help_nl.qm
   Compressing: C:\Users\Administrator\Documents\projects\copytrades\dist\CopyTrades\_internal\PySide6\translations\qt_help_nn.qm
   Compressing: C:\Users\Administrator\Documents\projects\copytrades\dist\CopyTrades\_internal\PySide6\translations\qt_help_pl.qm
   Compressing: C:\Users\Administrator\Documents\projects\copytrades\dist\CopyTrades\_internal\PySide6\translations\qt_help_pt_BR.qm
   Compressing: C:\Users\Administrator\Documents\projects\copytrades\dist\CopyTrades\_internal\PySide6\translations\qt_help_ru.qm
   Compressing: C:\Users\Administrator\Documents\projects\copytrades\dist\CopyTrades\_internal\PySide6\translations\qt_help_sk.qm
   Compressing: C:\Users\Administrator\Documents\projects\copytrades\dist\CopyTrades\_internal\PySide6\translations\qt_help_sl.qm
   Compressing: C:\Users\Administrator\Documents\projects\copytrades\dist\CopyTrades\_internal\PySide6\translations\qt_help_sv.qm
   Compressing: C:\Users\Administrator\Documents\projects\copytrades\dist\CopyTrades\_internal\PySide6\translations\qt_help_tr.qm
   Compressing: C:\Users\Administrator\Documents\projects\copytrades\dist\CopyTrades\_internal\PySide6\translations\qt_help_uk.qm
   Compressing: C:\Users\Administrator\Documents\projects\copytrades\dist\CopyTrades\_internal\PySide6\translations\qt_help_zh_CN.qm
   Compressing: C:\Users\Administrator\Documents\projects\copytrades\dist\CopyTrades\_internal\PySide6\translations\qt_help_zh_TW.qm
   Compressing: C:\Users\Administrator\Documents\projects\copytrades\dist\CopyTrades\_internal\PySide6\translations\qt_hr.qm
   Compressing: C:\Users\Administrator\Documents\projects\copytrades\dist\CopyTrades\_internal\PySide6\translations\qt_hu.qm
   Compressing: C:\Users\Administrator\Documents\projects\copytrades\dist\CopyTrades\_internal\PySide6\translations\qt_it.qm
   Compressing: C:\Users\Administrator\Documents\projects\copytrades\dist\CopyTrades\_internal\PySide6\translations\qt_ja.qm
   Compressing: C:\Users\Administrator\Documents\projects\copytrades\dist\CopyTrades\_internal\PySide6\translations\qt_ka.qm
   Compressing: C:\Users\Administrator\Documents\projects\copytrades\dist\CopyTrades\_internal\PySide6\translations\qt_ko.qm
   Compressing: C:\Users\Administrator\Documents\projects\copytrades\dist\CopyTrades\_internal\PySide6\translations\qt_lg.qm
   Compressing: C:\Users\Administrator\Documents\projects\copytrades\dist\CopyTrades\_internal\PySide6\translations\qt_lt.qm
   Compressing: C:\Users\Administrator\Documents\projects\copytrades\dist\CopyTrades\_internal\PySide6\translations\qt_lv.qm
   Compressing: C:\Users\Administrator\Documents\projects\copytrades\dist\CopyTrades\_internal\PySide6\translations\qt_nl.qm
   Compressing: C:\Users\Administrator\Documents\projects\copytrades\dist\CopyTrades\_internal\PySide6\translations\qt_nn.qm
   Compressing: C:\Users\Administrator\Documents\projects\copytrades\dist\CopyTrades\_internal\PySide6\translations\qt_pl.qm
   Compressing: C:\Users\Administrator\Documents\projects\copytrades\dist\CopyTrades\_internal\PySide6\translations\qt_pt_BR.qm
   Compressing: C:\Users\Administrator\Documents\projects\copytrades\dist\CopyTrades\_internal\PySide6\translations\qt_pt_PT.qm
   Compressing: C:\Users\Administrator\Documents\projects\copytrades\dist\CopyTrades\_internal\PySide6\translations\qt_ru.qm
   Compressing: C:\Users\Administrator\Documents\projects\copytrades\dist\CopyTrades\_internal\PySide6\translations\qt_sk.qm
   Compressing: C:\Users\Administrator\Documents\projects\copytrades\dist\CopyTrades\_internal\PySide6\translations\qt_sl.qm
   Compressing: C:\Users\Administrator\Documents\projects\copytrades\dist\CopyTrades\_internal\PySide6\translations\qt_sv.qm
   Compressing: C:\Users\Administrator\Documents\projects\copytrades\dist\CopyTrades\_internal\PySide6\translations\qt_tr.qm
   Compressing: C:\Users\Administrator\Documents\projects\copytrades\dist\CopyTrades\_internal\PySide6\translations\qt_uk.qm
   Compressing: C:\Users\Administrator\Documents\projects\copytrades\dist\CopyTrades\_internal\PySide6\translations\qt_zh_CN.qm
   Compressing: C:\Users\Administrator\Documents\projects\copytrades\dist\CopyTrades\_internal\PySide6\translations\qt_zh_TW.qm
   Compressing: C:\Users\Administrator\Documents\projects\copytrades\dist\CopyTrades\_internal\pytz\zoneinfo\CET
   Compressing: C:\Users\Administrator\Documents\projects\copytrades\dist\CopyTrades\_internal\pytz\zoneinfo\CST6CDT
   Compressing: C:\Users\Administrator\Documents\projects\copytrades\dist\CopyTrades\_internal\pytz\zoneinfo\Cuba
   Compressing: C:\Users\Administrator\Documents\projects\copytrades\dist\CopyTrades\_internal\pytz\zoneinfo\EET
   Compressing: C:\Users\Administrator\Documents\projects\copytrades\dist\CopyTrades\_internal\pytz\zoneinfo\Egypt
   Compressing: C:\Users\Administrator\Documents\projects\copytrades\dist\CopyTrades\_internal\pytz\zoneinfo\Eire
   Compressing: C:\Users\Administrator\Documents\projects\copytrades\dist\CopyTrades\_internal\pytz\zoneinfo\EST
   Compressing: C:\Users\Administrator\Documents\projects\copytrades\dist\CopyTrades\_internal\pytz\zoneinfo\EST5EDT
   Compressing: C:\Users\Administrator\Documents\projects\copytrades\dist\CopyTrades\_internal\pytz\zoneinfo\Factory
   Compressing: C:\Users\Administrator\Documents\projects\copytrades\dist\CopyTrades\_internal\pytz\zoneinfo\GB
   Compressing: C:\Users\Administrator\Documents\projects\copytrades\dist\CopyTrades\_internal\pytz\zoneinfo\GB-Eire
   Compressing: C:\Users\Administrator\Documents\projects\copytrades\dist\CopyTrades\_internal\pytz\zoneinfo\GMT
   Compressing: C:\Users\Administrator\Documents\projects\copytrades\dist\CopyTrades\_internal\pytz\zoneinfo\GMT+0
   Compressing: C:\Users\Administrator\Documents\projects\copytrades\dist\CopyTrades\_internal\pytz\zoneinfo\GMT-0
   Compressing: C:\Users\Administrator\Documents\projects\copytrades\dist\CopyTrades\_internal\pytz\zoneinfo\GMT0
   Compressing: C:\Users\Administrator\Documents\projects\copytrades\dist\CopyTrades\_internal\pytz\zoneinfo\Greenwich
   Compressing: C:\Users\Administrator\Documents\projects\copytrades\dist\CopyTrades\_internal\pytz\zoneinfo\Hongkong
   Compressing: C:\Users\Administrator\Documents\projects\copytrades\dist\CopyTrades\_internal\pytz\zoneinfo\HST
   Compressing: C:\Users\Administrator\Documents\projects\copytrades\dist\CopyTrades\_internal\pytz\zoneinfo\Iceland
   Compressing: C:\Users\Administrator\Documents\projects\copytrades\dist\CopyTrades\_internal\pytz\zoneinfo\Iran
   Compressing: C:\Users\Administrator\Documents\projects\copytrades\dist\CopyTrades\_internal\pytz\zoneinfo\iso3166.tab
   Compressing: C:\Users\Administrator\Documents\projects\copytrades\dist\CopyTrades\_internal\pytz\zoneinfo\Israel
   Compressing: C:\Users\Administrator\Documents\projects\copytrades\dist\CopyTrades\_internal\pytz\zoneinfo\Jamaica
   Compressing: C:\Users\Administrator\Documents\projects\copytrades\dist\CopyTrades\_internal\pytz\zoneinfo\Japan
   Compressing: C:\Users\Administrator\Documents\projects\copytrades\dist\CopyTrades\_internal\pytz\zoneinfo\Kwajalein
   Compressing: C:\Users\Administrator\Documents\projects\copytrades\dist\CopyTrades\_internal\pytz\zoneinfo\leapseconds
   Compressing: C:\Users\Administrator\Documents\projects\copytrades\dist\CopyTrades\_internal\pytz\zoneinfo\Libya
   Compressing: C:\Users\Administrator\Documents\projects\copytrades\dist\CopyTrades\_internal\pytz\zoneinfo\MET
   Compressing: C:\Users\Administrator\Documents\projects\copytrades\dist\CopyTrades\_internal\pytz\zoneinfo\MST
   Compressing: C:\Users\Administrator\Documents\projects\copytrades\dist\CopyTrades\_internal\pytz\zoneinfo\MST7MDT
   Compressing: C:\Users\Administrator\Documents\projects\copytrades\dist\CopyTrades\_internal\pytz\zoneinfo\Navajo
   Compressing: C:\Users\Administrator\Documents\projects\copytrades\dist\CopyTrades\_internal\pytz\zoneinfo\NZ
   Compressing: C:\Users\Administrator\Documents\projects\copytrades\dist\CopyTrades\_internal\pytz\zoneinfo\NZ-CHAT
   Compressing: C:\Users\Administrator\Documents\projects\copytrades\dist\CopyTrades\_internal\pytz\zoneinfo\Poland
   Compressing: C:\Users\Administrator\Documents\projects\copytrades\dist\CopyTrades\_internal\pytz\zoneinfo\Portugal
   Compressing: C:\Users\Administrator\Documents\projects\copytrades\dist\CopyTrades\_internal\pytz\zoneinfo\PRC
   Compressing: C:\Users\Administrator\Documents\projects\copytrades\dist\CopyTrades\_internal\pytz\zoneinfo\PST8PDT
   Compressing: C:\Users\Administrator\Documents\projects\copytrades\dist\CopyTrades\_internal\pytz\zoneinfo\ROC
   Compressing: C:\Users\Administrator\Documents\projects\copytrades\dist\CopyTrades\_internal\pytz\zoneinfo\ROK
   Compressing: C:\Users\Administrator\Documents\projects\copytrades\dist\CopyTrades\_internal\pytz\zoneinfo\Singapore
   Compressing: C:\Users\Administrator\Documents\projects\copytrades\dist\CopyTrades\_internal\pytz\zoneinfo\Turkey
   Compressing: C:\Users\Administrator\Documents\projects\copytrades\dist\CopyTrades\_internal\pytz\zoneinfo\tzdata.zi
   Compressing: C:\Users\Administrator\Documents\projects\copytrades\dist\CopyTrades\_internal\pytz\zoneinfo\UCT
   Compressing: C:\Users\Administrator\Documents\projects\copytrades\dist\CopyTrades\_internal\pytz\zoneinfo\Universal
   Compressing: C:\Users\Administrator\Documents\projects\copytrades\dist\CopyTrades\_internal\pytz\zoneinfo\UTC
   Compressing: C:\Users\Administrator\Documents\projects\copytrades\dist\CopyTrades\_internal\pytz\zoneinfo\W-SU
   Compressing: C:\Users\Administrator\Documents\projects\copytrades\dist\CopyTrades\_internal\pytz\zoneinfo\WET
   Compressing: C:\Users\Administrator\Documents\projects\copytrades\dist\CopyTrades\_internal\pytz\zoneinfo\zone.tab
   Compressing: C:\Users\Administrator\Documents\projects\copytrades\dist\CopyTrades\_internal\pytz\zoneinfo\zone1970.tab
   Compressing: C:\Users\Administrator\Documents\projects\copytrades\dist\CopyTrades\_internal\pytz\zoneinfo\zonenow.tab
   Compressing: C:\Users\Administrator\Documents\projects\copytrades\dist\CopyTrades\_internal\pytz\zoneinfo\Zulu
   Compressing: C:\Users\Administrator\Documents\projects\copytrades\dist\CopyTrades\_internal\pytz\zoneinfo\Africa\Abidjan
   Compressing: C:\Users\Administrator\Documents\projects\copytrades\dist\CopyTrades\_internal\pytz\zoneinfo\Africa\Accra
   Compressing: C:\Users\Administrator\Documents\projects\copytrades\dist\CopyTrades\_internal\pytz\zoneinfo\Africa\Addis_Ababa
   Compressing: C:\Users\Administrator\Documents\projects\copytrades\dist\CopyTrades\_internal\pytz\zoneinfo\Africa\Algiers
   Compressing: C:\Users\Administrator\Documents\projects\copytrades\dist\CopyTrades\_internal\pytz\zoneinfo\Africa\Asmara
   Compressing: C:\Users\Administrator\Documents\projects\copytrades\dist\CopyTrades\_internal\pytz\zoneinfo\Africa\Asmera
   Compressing: C:\Users\Administrator\Documents\projects\copytrades\dist\CopyTrades\_internal\pytz\zoneinfo\Africa\Bamako
   Compressing: C:\Users\Administrator\Documents\projects\copytrades\dist\CopyTrades\_internal\pytz\zoneinfo\Africa\Bangui
   Compressing: C:\Users\Administrator\Documents\projects\copytrades\dist\CopyTrades\_internal\pytz\zoneinfo\Africa\Banjul
   Compressing: C:\Users\Administrator\Documents\projects\copytrades\dist\CopyTrades\_internal\pytz\zoneinfo\Africa\Bissau
   Compressing: C:\Users\Administrator\Documents\projects\copytrades\dist\CopyTrades\_internal\pytz\zoneinfo\Africa\Blantyre
   Compressing: C:\Users\Administrator\Documents\projects\copytrades\dist\CopyTrades\_internal\pytz\zoneinfo\Africa\Brazzaville
   Compressing: C:\Users\Administrator\Documents\projects\copytrades\dist\CopyTrades\_internal\pytz\zoneinfo\Africa\Bujumbura
   Compressing: C:\Users\Administrator\Documents\projects\copytrades\dist\CopyTrades\_internal\pytz\zoneinfo\Africa\Cairo
   Compressing: C:\Users\Administrator\Documents\projects\copytrades\dist\CopyTrades\_internal\pytz\zoneinfo\Africa\Casablanca
   Compressing: C:\Users\Administrator\Documents\projects\copytrades\dist\CopyTrades\_internal\pytz\zoneinfo\Africa\Ceuta
   Compressing: C:\Users\Administrator\Documents\projects\copytrades\dist\CopyTrades\_internal\pytz\zoneinfo\Africa\Conakry
   Compressing: C:\Users\Administrator\Documents\projects\copytrades\dist\CopyTrades\_internal\pytz\zoneinfo\Africa\Dakar
   Compressing: C:\Users\Administrator\Documents\projects\copytrades\dist\CopyTrades\_internal\pytz\zoneinfo\Africa\Dar_es_Salaam
   Compressing: C:\Users\Administrator\Documents\projects\copytrades\dist\CopyTrades\_internal\pytz\zoneinfo\Africa\Djibouti
   Compressing: C:\Users\Administrator\Documents\projects\copytrades\dist\CopyTrades\_internal\pytz\zoneinfo\Africa\Douala
   Compressing: C:\Users\Administrator\Documents\projects\copytrades\dist\CopyTrades\_internal\pytz\zoneinfo\Africa\El_Aaiun
   Compressing: C:\Users\Administrator\Documents\projects\copytrades\dist\CopyTrades\_internal\pytz\zoneinfo\Africa\Freetown
   Compressing: C:\Users\Administrator\Documents\projects\copytrades\dist\CopyTrades\_internal\pytz\zoneinfo\Africa\Gaborone
   Compressing: C:\Users\Administrator\Documents\projects\copytrades\dist\CopyTrades\_internal\pytz\zoneinfo\Africa\Harare
   Compressing: C:\Users\Administrator\Documents\projects\copytrades\dist\CopyTrades\_internal\pytz\zoneinfo\Africa\Johannesburg
   Compressing: C:\Users\Administrator\Documents\projects\copytrades\dist\CopyTrades\_internal\pytz\zoneinfo\Africa\Juba
   Compressing: C:\Users\Administrator\Documents\projects\copytrades\dist\CopyTrades\_internal\pytz\zoneinfo\Africa\Kampala
   Compressing: C:\Users\Administrator\Documents\projects\copytrades\dist\CopyTrades\_internal\pytz\zoneinfo\Africa\Khartoum
   Compressing: C:\Users\Administrator\Documents\projects\copytrades\dist\CopyTrades\_internal\pytz\zoneinfo\Africa\Kigali
   Compressing: C:\Users\Administrator\Documents\projects\copytrades\dist\CopyTrades\_internal\pytz\zoneinfo\Africa\Kinshasa
   Compressing: C:\Users\Administrator\Documents\projects\copytrades\dist\CopyTrades\_internal\pytz\zoneinfo\Africa\Lagos
   Compressing: C:\Users\Administrator\Documents\projects\copytrades\dist\CopyTrades\_internal\pytz\zoneinfo\Africa\Libreville
   Compressing: C:\Users\Administrator\Documents\projects\copytrades\dist\CopyTrades\_internal\pytz\zoneinfo\Africa\Lome
   Compressing: C:\Users\Administrator\Documents\projects\copytrades\dist\CopyTrades\_internal\pytz\zoneinfo\Africa\Luanda
   Compressing: C:\Users\Administrator\Documents\projects\copytrades\dist\CopyTrades\_internal\pytz\zoneinfo\Africa\Lubumbashi
   Compressing: C:\Users\Administrator\Documents\projects\copytrades\dist\CopyTrades\_internal\pytz\zoneinfo\Africa\Lusaka
   Compressing: C:\Users\Administrator\Documents\projects\copytrades\dist\CopyTrades\_internal\pytz\zoneinfo\Africa\Malabo
   Compressing: C:\Users\Administrator\Documents\projects\copytrades\dist\CopyTrades\_internal\pytz\zoneinfo\Africa\Maputo
   Compressing: C:\Users\Administrator\Documents\projects\copytrades\dist\CopyTrades\_internal\pytz\zoneinfo\Africa\Maseru
   Compressing: C:\Users\Administrator\Documents\projects\copytrades\dist\CopyTrades\_internal\pytz\zoneinfo\Africa\Mbabane
   Compressing: C:\Users\Administrator\Documents\projects\copytrades\dist\CopyTrades\_internal\pytz\zoneinfo\Africa\Mogadishu
   Compressing: C:\Users\Administrator\Documents\projects\copytrades\dist\CopyTrades\_internal\pytz\zoneinfo\Africa\Monrovia
   Compressing: C:\Users\Administrator\Documents\projects\copytrades\dist\CopyTrades\_internal\pytz\zoneinfo\Africa\Nairobi
   Compressing: C:\Users\Administrator\Documents\projects\copytrades\dist\CopyTrades\_internal\pytz\zoneinfo\Africa\Ndjamena
   Compressing: C:\Users\Administrator\Documents\projects\copytrades\dist\CopyTrades\_internal\pytz\zoneinfo\Africa\Niamey
   Compressing: C:\Users\Administrator\Documents\projects\copytrades\dist\CopyTrades\_internal\pytz\zoneinfo\Africa\Nouakchott
   Compressing: C:\Users\Administrator\Documents\projects\copytrades\dist\CopyTrades\_internal\pytz\zoneinfo\Africa\Ouagadougou
   Compressing: C:\Users\Administrator\Documents\projects\copytrades\dist\CopyTrades\_internal\pytz\zoneinfo\Africa\Porto-Novo
   Compressing: C:\Users\Administrator\Documents\projects\copytrades\dist\CopyTrades\_internal\pytz\zoneinfo\Africa\Sao_Tome
   Compressing: C:\Users\Administrator\Documents\projects\copytrades\dist\CopyTrades\_internal\pytz\zoneinfo\Africa\Timbuktu
   Compressing: C:\Users\Administrator\Documents\projects\copytrades\dist\CopyTrades\_internal\pytz\zoneinfo\Africa\Tripoli
   Compressing: C:\Users\Administrator\Documents\projects\copytrades\dist\CopyTrades\_internal\pytz\zoneinfo\Africa\Tunis
   Compressing: C:\Users\Administrator\Documents\projects\copytrades\dist\CopyTrades\_internal\pytz\zoneinfo\Africa\Windhoek
   Compressing: C:\Users\Administrator\Documents\projects\copytrades\dist\CopyTrades\_internal\pytz\zoneinfo\America\Adak
   Compressing: C:\Users\Administrator\Documents\projects\copytrades\dist\CopyTrades\_internal\pytz\zoneinfo\America\Anchorage
   Compressing: C:\Users\Administrator\Documents\projects\copytrades\dist\CopyTrades\_internal\pytz\zoneinfo\America\Anguilla
   Compressing: C:\Users\Administrator\Documents\projects\copytrades\dist\CopyTrades\_internal\pytz\zoneinfo\America\Antigua
   Compressing: C:\Users\Administrator\Documents\projects\copytrades\dist\CopyTrades\_internal\pytz\zoneinfo\America\Araguaina
   Compressing: C:\Users\Administrator\Documents\projects\copytrades\dist\CopyTrades\_internal\pytz\zoneinfo\America\Aruba
   Compressing: C:\Users\Administrator\Documents\projects\copytrades\dist\CopyTrades\_internal\pytz\zoneinfo\America\Asuncion
   Compressing: C:\Users\Administrator\Documents\projects\copytrades\dist\CopyTrades\_internal\pytz\zoneinfo\America\Atikokan
   Compressing: C:\Users\Administrator\Documents\projects\copytrades\dist\CopyTrades\_internal\pytz\zoneinfo\America\Atka
   Compressing: C:\Users\Administrator\Documents\projects\copytrades\dist\CopyTrades\_internal\pytz\zoneinfo\America\Bahia
   Compressing: C:\Users\Administrator\Documents\projects\copytrades\dist\CopyTrades\_internal\pytz\zoneinfo\America\Bahia_Banderas
   Compressing: C:\Users\Administrator\Documents\projects\copytrades\dist\CopyTrades\_internal\pytz\zoneinfo\America\Barbados
   Compressing: C:\Users\Administrator\Documents\projects\copytrades\dist\CopyTrades\_internal\pytz\zoneinfo\America\Belem
   Compressing: C:\Users\Administrator\Documents\projects\copytrades\dist\CopyTrades\_internal\pytz\zoneinfo\America\Belize
   Compressing: C:\Users\Administrator\Documents\projects\copytrades\dist\CopyTrades\_internal\pytz\zoneinfo\America\Blanc-Sablon
   Compressing: C:\Users\Administrator\Documents\projects\copytrades\dist\CopyTrades\_internal\pytz\zoneinfo\America\Boa_Vista
   Compressing: C:\Users\Administrator\Documents\projects\copytrades\dist\CopyTrades\_internal\pytz\zoneinfo\America\Bogota
   Compressing: C:\Users\Administrator\Documents\projects\copytrades\dist\CopyTrades\_internal\pytz\zoneinfo\America\Boise
   Compressing: C:\Users\Administrator\Documents\projects\copytrades\dist\CopyTrades\_internal\pytz\zoneinfo\America\Buenos_Aires
   Compressing: C:\Users\Administrator\Documents\projects\copytrades\dist\CopyTrades\_internal\pytz\zoneinfo\America\Cambridge_Bay
   Compressing: C:\Users\Administrator\Documents\projects\copytrades\dist\CopyTrades\_internal\pytz\zoneinfo\America\Campo_Grande
   Compressing: C:\Users\Administrator\Documents\projects\copytrades\dist\CopyTrades\_internal\pytz\zoneinfo\America\Cancun
   Compressing: C:\Users\Administrator\Documents\projects\copytrades\dist\CopyTrades\_internal\pytz\zoneinfo\America\Caracas
   Compressing: C:\Users\Administrator\Documents\projects\copytrades\dist\CopyTrades\_internal\pytz\zoneinfo\America\Catamarca
   Compressing: C:\Users\Administrator\Documents\projects\copytrades\dist\CopyTrades\_internal\pytz\zoneinfo\America\Cayenne
   Compressing: C:\Users\Administrator\Documents\projects\copytrades\dist\CopyTrades\_internal\pytz\zoneinfo\America\Cayman
   Compressing: C:\Users\Administrator\Documents\projects\copytrades\dist\CopyTrades\_internal\pytz\zoneinfo\America\Chicago
   Compressing: C:\Users\Administrator\Documents\projects\copytrades\dist\CopyTrades\_internal\pytz\zoneinfo\America\Chihuahua
   Compressing: C:\Users\Administrator\Documents\projects\copytrades\dist\CopyTrades\_internal\pytz\zoneinfo\America\Ciudad_Juarez
   Compressing: C:\Users\Administrator\Documents\projects\copytrades\dist\CopyTrades\_internal\pytz\zoneinfo\America\Coral_Harbour
   Compressing: C:\Users\Administrator\Documents\projects\copytrades\dist\CopyTrades\_internal\pytz\zoneinfo\America\Cordoba
   Compressing: C:\Users\Administrator\Documents\projects\copytrades\dist\CopyTrades\_internal\pytz\zoneinfo\America\Costa_Rica
   Compressing: C:\Users\Administrator\Documents\projects\copytrades\dist\CopyTrades\_internal\pytz\zoneinfo\America\Coyhaique
   Compressing: C:\Users\Administrator\Documents\projects\copytrades\dist\CopyTrades\_internal\pytz\zoneinfo\America\Creston
   Compressing: C:\Users\Administrator\Documents\projects\copytrades\dist\CopyTrades\_internal\pytz\zoneinfo\America\Cuiaba
   Compressing: C:\Users\Administrator\Documents\projects\copytrades\dist\CopyTrades\_internal\pytz\zoneinfo\America\Curacao
   Compressing: C:\Users\Administrator\Documents\projects\copytrades\dist\CopyTrades\_internal\pytz\zoneinfo\America\Danmarkshavn
   Compressing: C:\Users\Administrator\Documents\projects\copytrades\dist\CopyTrades\_internal\pytz\zoneinfo\America\Dawson
   Compressing: C:\Users\Administrator\Documents\projects\copytrades\dist\CopyTrades\_internal\pytz\zoneinfo\America\Dawson_Creek
   Compressing: C:\Users\Administrator\Documents\projects\copytrades\dist\CopyTrades\_internal\pytz\zoneinfo\America\Denver
   Compressing: C:\Users\Administrator\Documents\projects\copytrades\dist\CopyTrades\_internal\pytz\zoneinfo\America\Detroit
   Compressing: C:\Users\Administrator\Documents\projects\copytrades\dist\CopyTrades\_internal\pytz\zoneinfo\America\Dominica
   Compressing: C:\Users\Administrator\Documents\projects\copytrades\dist\CopyTrades\_internal\pytz\zoneinfo\America\Edmonton
   Compressing: C:\Users\Administrator\Documents\projects\copytrades\dist\CopyTrades\_internal\pytz\zoneinfo\America\Eirunepe
   Compressing: C:\Users\Administrator\Documents\projects\copytrades\dist\CopyTrades\_internal\pytz\zoneinfo\America\El_Salvador
   Compressing: C:\Users\Administrator\Documents\projects\copytrades\dist\CopyTrades\_internal\pytz\zoneinfo\America\Ensenada
   Compressing: C:\Users\Administrator\Documents\projects\copytrades\dist\CopyTrades\_internal\pytz\zoneinfo\America\Fortaleza
   Compressing: C:\Users\Administrator\Documents\projects\copytrades\dist\CopyTrades\_internal\pytz\zoneinfo\America\Fort_Nelson
   Compressing: C:\Users\Administrator\Documents\projects\copytrades\dist\CopyTrades\_internal\pytz\zoneinfo\America\Fort_Wayne
   Compressing: C:\Users\Administrator\Documents\projects\copytrades\dist\CopyTrades\_internal\pytz\zoneinfo\America\Glace_Bay
   Compressing: C:\Users\Administrator\Documents\projects\copytrades\dist\CopyTrades\_internal\pytz\zoneinfo\America\Godthab
   Compressing: C:\Users\Administrator\Documents\projects\copytrades\dist\CopyTrades\_internal\pytz\zoneinfo\America\Goose_Bay
   Compressing: C:\Users\Administrator\Documents\projects\copytrades\dist\CopyTrades\_internal\pytz\zoneinfo\America\Grand_Turk
   Compressing: C:\Users\Administrator\Documents\projects\copytrades\dist\CopyTrades\_internal\pytz\zoneinfo\America\Grenada
   Compressing: C:\Users\Administrator\Documents\projects\copytrades\dist\CopyTrades\_internal\pytz\zoneinfo\America\Guadeloupe
   Compressing: C:\Users\Administrator\Documents\projects\copytrades\dist\CopyTrades\_internal\pytz\zoneinfo\America\Guatemala
   Compressing: C:\Users\Administrator\Documents\projects\copytrades\dist\CopyTrades\_internal\pytz\zoneinfo\America\Guayaquil
   Compressing: C:\Users\Administrator\Documents\projects\copytrades\dist\CopyTrades\_internal\pytz\zoneinfo\America\Guyana
   Compressing: C:\Users\Administrator\Documents\projects\copytrades\dist\CopyTrades\_internal\pytz\zoneinfo\America\Halifax
   Compressing: C:\Users\Administrator\Documents\projects\copytrades\dist\CopyTrades\_internal\pytz\zoneinfo\America\Havana
   Compressing: C:\Users\Administrator\Documents\projects\copytrades\dist\CopyTrades\_internal\pytz\zoneinfo\America\Hermosillo
   Compressing: C:\Users\Administrator\Documents\projects\copytrades\dist\CopyTrades\_internal\pytz\zoneinfo\America\Indianapolis
   Compressing: C:\Users\Administrator\Documents\projects\copytrades\dist\CopyTrades\_internal\pytz\zoneinfo\America\Inuvik
   Compressing: C:\Users\Administrator\Documents\projects\copytrades\dist\CopyTrades\_internal\pytz\zoneinfo\America\Iqaluit
   Compressing: C:\Users\Administrator\Documents\projects\copytrades\dist\CopyTrades\_internal\pytz\zoneinfo\America\Jamaica
   Compressing: C:\Users\Administrator\Documents\projects\copytrades\dist\CopyTrades\_internal\pytz\zoneinfo\America\Jujuy
   Compressing: C:\Users\Administrator\Documents\projects\copytrades\dist\CopyTrades\_internal\pytz\zoneinfo\America\Juneau
   Compressing: C:\Users\Administrator\Documents\projects\copytrades\dist\CopyTrades\_internal\pytz\zoneinfo\America\Knox_IN
   Compressing: C:\Users\Administrator\Documents\projects\copytrades\dist\CopyTrades\_internal\pytz\zoneinfo\America\Kralendijk
   Compressing: C:\Users\Administrator\Documents\projects\copytrades\dist\CopyTrades\_internal\pytz\zoneinfo\America\La_Paz
   Compressing: C:\Users\Administrator\Documents\projects\copytrades\dist\CopyTrades\_internal\pytz\zoneinfo\America\Lima
   Compressing: C:\Users\Administrator\Documents\projects\copytrades\dist\CopyTrades\_internal\pytz\zoneinfo\America\Los_Angeles
   Compressing: C:\Users\Administrator\Documents\projects\copytrades\dist\CopyTrades\_internal\pytz\zoneinfo\America\Louisville
   Compressing: C:\Users\Administrator\Documents\projects\copytrades\dist\CopyTrades\_internal\pytz\zoneinfo\America\Lower_Princes
   Compressing: C:\Users\Administrator\Documents\projects\copytrades\dist\CopyTrades\_internal\pytz\zoneinfo\America\Maceio
   Compressing: C:\Users\Administrator\Documents\projects\copytrades\dist\CopyTrades\_internal\pytz\zoneinfo\America\Managua
   Compressing: C:\Users\Administrator\Documents\projects\copytrades\dist\CopyTrades\_internal\pytz\zoneinfo\America\Manaus
   Compressing: C:\Users\Administrator\Documents\projects\copytrades\dist\CopyTrades\_internal\pytz\zoneinfo\America\Marigot
   Compressing: C:\Users\Administrator\Documents\projects\copytrades\dist\CopyTrades\_internal\pytz\zoneinfo\America\Martinique
   Compressing: C:\Users\Administrator\Documents\projects\copytrades\dist\CopyTrades\_internal\pytz\zoneinfo\America\Matamoros
   Compressing: C:\Users\Administrator\Documents\projects\copytrades\dist\CopyTrades\_internal\pytz\zoneinfo\America\Mazatlan
   Compressing: C:\Users\Administrator\Documents\projects\copytrades\dist\CopyTrades\_internal\pytz\zoneinfo\America\Mendoza
   Compressing: C:\Users\Administrator\Documents\projects\copytrades\dist\CopyTrades\_internal\pytz\zoneinfo\America\Menominee
   Compressing: C:\Users\Administrator\Documents\projects\copytrades\dist\CopyTrades\_internal\pytz\zoneinfo\America\Merida
   Compressing: C:\Users\Administrator\Documents\projects\copytrades\dist\CopyTrades\_internal\pytz\zoneinfo\America\Metlakatla
   Compressing: C:\Users\Administrator\Documents\projects\copytrades\dist\CopyTrades\_internal\pytz\zoneinfo\America\Mexico_City
   Compressing: C:\Users\Administrator\Documents\projects\copytrades\dist\CopyTrades\_internal\pytz\zoneinfo\America\Miquelon
   Compressing: C:\Users\Administrator\Documents\projects\copytrades\dist\CopyTrades\_internal\pytz\zoneinfo\America\Moncton
   Compressing: C:\Users\Administrator\Documents\projects\copytrades\dist\CopyTrades\_internal\pytz\zoneinfo\America\Monterrey
   Compressing: C:\Users\Administrator\Documents\projects\copytrades\dist\CopyTrades\_internal\pytz\zoneinfo\America\Montevideo
   Compressing: C:\Users\Administrator\Documents\projects\copytrades\dist\CopyTrades\_internal\pytz\zoneinfo\America\Montreal
   Compressing: C:\Users\Administrator\Documents\projects\copytrades\dist\CopyTrades\_internal\pytz\zoneinfo\America\Montserrat
   Compressing: C:\Users\Administrator\Documents\projects\copytrades\dist\CopyTrades\_internal\pytz\zoneinfo\America\Nassau
   Compressing: C:\Users\Administrator\Documents\projects\copytrades\dist\CopyTrades\_internal\pytz\zoneinfo\America\New_York
   Compressing: C:\Users\Administrator\Documents\projects\copytrades\dist\CopyTrades\_internal\pytz\zoneinfo\America\Nipigon
   Compressing: C:\Users\Administrator\Documents\projects\copytrades\dist\CopyTrades\_internal\pytz\zoneinfo\America\Nome
   Compressing: C:\Users\Administrator\Documents\projects\copytrades\dist\CopyTrades\_internal\pytz\zoneinfo\America\Noronha
   Compressing: C:\Users\Administrator\Documents\projects\copytrades\dist\CopyTrades\_internal\pytz\zoneinfo\America\Nuuk
   Compressing: C:\Users\Administrator\Documents\projects\copytrades\dist\CopyTrades\_internal\pytz\zoneinfo\America\Ojinaga
   Compressing: C:\Users\Administrator\Documents\projects\copytrades\dist\CopyTrades\_internal\pytz\zoneinfo\America\Panama
   Compressing: C:\Users\Administrator\Documents\projects\copytrades\dist\CopyTrades\_internal\pytz\zoneinfo\America\Pangnirtung
   Compressing: C:\Users\Administrator\Documents\projects\copytrades\dist\CopyTrades\_internal\pytz\zoneinfo\America\Paramaribo
   Compressing: C:\Users\Administrator\Documents\projects\copytrades\dist\CopyTrades\_internal\pytz\zoneinfo\America\Phoenix
   Compressing: C:\Users\Administrator\Documents\projects\copytrades\dist\CopyTrades\_internal\pytz\zoneinfo\America\Port-au-Prince
   Compressing: C:\Users\Administrator\Documents\projects\copytrades\dist\CopyTrades\_internal\pytz\zoneinfo\America\Porto_Acre
   Compressing: C:\Users\Administrator\Documents\projects\copytrades\dist\CopyTrades\_internal\pytz\zoneinfo\America\Porto_Velho
   Compressing: C:\Users\Administrator\Documents\projects\copytrades\dist\CopyTrades\_internal\pytz\zoneinfo\America\Port_of_Spain
   Compressing: C:\Users\Administrator\Documents\projects\copytrades\dist\CopyTrades\_internal\pytz\zoneinfo\America\Puerto_Rico
   Compressing: C:\Users\Administrator\Documents\projects\copytrades\dist\CopyTrades\_internal\pytz\zoneinfo\America\Punta_Arenas
   Compressing: C:\Users\Administrator\Documents\projects\copytrades\dist\CopyTrades\_internal\pytz\zoneinfo\America\Rainy_River
   Compressing: C:\Users\Administrator\Documents\projects\copytrades\dist\CopyTrades\_internal\pytz\zoneinfo\America\Rankin_Inlet
   Compressing: C:\Users\Administrator\Documents\projects\copytrades\dist\CopyTrades\_internal\pytz\zoneinfo\America\Recife
   Compressing: C:\Users\Administrator\Documents\projects\copytrades\dist\CopyTrades\_internal\pytz\zoneinfo\America\Regina
   Compressing: C:\Users\Administrator\Documents\projects\copytrades\dist\CopyTrades\_internal\pytz\zoneinfo\America\Resolute
   Compressing: C:\Users\Administrator\Documents\projects\copytrades\dist\CopyTrades\_internal\pytz\zoneinfo\America\Rio_Branco
   Compressing: C:\Users\Administrator\Documents\projects\copytrades\dist\CopyTrades\_internal\pytz\zoneinfo\America\Rosario
   Compressing: C:\Users\Administrator\Documents\projects\copytrades\dist\CopyTrades\_internal\pytz\zoneinfo\America\Santarem
   Compressing: C:\Users\Administrator\Documents\projects\copytrades\dist\CopyTrades\_internal\pytz\zoneinfo\America\Santa_Isabel
   Compressing: C:\Users\Administrator\Documents\projects\copytrades\dist\CopyTrades\_internal\pytz\zoneinfo\America\Santiago
   Compressing: C:\Users\Administrator\Documents\projects\copytrades\dist\CopyTrades\_internal\pytz\zoneinfo\America\Santo_Domingo
   Compressing: C:\Users\Administrator\Documents\projects\copytrades\dist\CopyTrades\_internal\pytz\zoneinfo\America\Sao_Paulo
   Compressing: C:\Users\Administrator\Documents\projects\copytrades\dist\CopyTrades\_internal\pytz\zoneinfo\America\Scoresbysund
   Compressing: C:\Users\Administrator\Documents\projects\copytrades\dist\CopyTrades\_internal\pytz\zoneinfo\America\Shiprock
   Compressing: C:\Users\Administrator\Documents\projects\copytrades\dist\CopyTrades\_internal\pytz\zoneinfo\America\Sitka
   Compressing: C:\Users\Administrator\Documents\projects\copytrades\dist\CopyTrades\_internal\pytz\zoneinfo\America\St_Barthelemy
   Compressing: C:\Users\Administrator\Documents\projects\copytrades\dist\CopyTrades\_internal\pytz\zoneinfo\America\St_Johns
   Compressing: C:\Users\Administrator\Documents\projects\copytrades\dist\CopyTrades\_internal\pytz\zoneinfo\America\St_Kitts
   Compressing: C:\Users\Administrator\Documents\projects\copytrades\dist\CopyTrades\_internal\pytz\zoneinfo\America\St_Lucia
   Compressing: C:\Users\Administrator\Documents\projects\copytrades\dist\CopyTrades\_internal\pytz\zoneinfo\America\St_Thomas
   Compressing: C:\Users\Administrator\Documents\projects\copytrades\dist\CopyTrades\_internal\pytz\zoneinfo\America\St_Vincent
   Compressing: C:\Users\Administrator\Documents\projects\copytrades\dist\CopyTrades\_internal\pytz\zoneinfo\America\Swift_Current
   Compressing: C:\Users\Administrator\Documents\projects\copytrades\dist\CopyTrades\_internal\pytz\zoneinfo\America\Tegucigalpa
   Compressing: C:\Users\Administrator\Documents\projects\copytrades\dist\CopyTrades\_internal\pytz\zoneinfo\America\Thule
   Compressing: C:\Users\Administrator\Documents\projects\copytrades\dist\CopyTrades\_internal\pytz\zoneinfo\America\Thunder_Bay
   Compressing: C:\Users\Administrator\Documents\projects\copytrades\dist\CopyTrades\_internal\pytz\zoneinfo\America\Tijuana
   Compressing: C:\Users\Administrator\Documents\projects\copytrades\dist\CopyTrades\_internal\pytz\zoneinfo\America\Toronto
   Compressing: C:\Users\Administrator\Documents\projects\copytrades\dist\CopyTrades\_internal\pytz\zoneinfo\America\Tortola
   Compressing: C:\Users\Administrator\Documents\projects\copytrades\dist\CopyTrades\_internal\pytz\zoneinfo\America\Vancouver
   Compressing: C:\Users\Administrator\Documents\projects\copytrades\dist\CopyTrades\_internal\pytz\zoneinfo\America\Virgin
   Compressing: C:\Users\Administrator\Documents\projects\copytrades\dist\CopyTrades\_internal\pytz\zoneinfo\America\Whitehorse
   Compressing: C:\Users\Administrator\Documents\projects\copytrades\dist\CopyTrades\_internal\pytz\zoneinfo\America\Winnipeg
   Compressing: C:\Users\Administrator\Documents\projects\copytrades\dist\CopyTrades\_internal\pytz\zoneinfo\America\Yakutat
   Compressing: C:\Users\Administrator\Documents\projects\copytrades\dist\CopyTrades\_internal\pytz\zoneinfo\America\Yellowknife
   Compressing: C:\Users\Administrator\Documents\projects\copytrades\dist\CopyTrades\_internal\pytz\zoneinfo\America\Argentina\Buenos_Aires
   Compressing: C:\Users\Administrator\Documents\projects\copytrades\dist\CopyTrades\_internal\pytz\zoneinfo\America\Argentina\Catamarca
   Compressing: C:\Users\Administrator\Documents\projects\copytrades\dist\CopyTrades\_internal\pytz\zoneinfo\America\Argentina\ComodRivadavia
   Compressing: C:\Users\Administrator\Documents\projects\copytrades\dist\CopyTrades\_internal\pytz\zoneinfo\America\Argentina\Cordoba
   Compressing: C:\Users\Administrator\Documents\projects\copytrades\dist\CopyTrades\_internal\pytz\zoneinfo\America\Argentina\Jujuy
   Compressing: C:\Users\Administrator\Documents\projects\copytrades\dist\CopyTrades\_internal\pytz\zoneinfo\America\Argentina\La_Rioja
   Compressing: C:\Users\Administrator\Documents\projects\copytrades\dist\CopyTrades\_internal\pytz\zoneinfo\America\Argentina\Mendoza
   Compressing: C:\Users\Administrator\Documents\projects\copytrades\dist\CopyTrades\_internal\pytz\zoneinfo\America\Argentina\Rio_Gallegos
   Compressing: C:\Users\Administrator\Documents\projects\copytrades\dist\CopyTrades\_internal\pytz\zoneinfo\America\Argentina\Salta
   Compressing: C:\Users\Administrator\Documents\projects\copytrades\dist\CopyTrades\_internal\pytz\zoneinfo\America\Argentina\San_Juan
   Compressing: C:\Users\Administrator\Documents\projects\copytrades\dist\CopyTrades\_internal\pytz\zoneinfo\America\Argentina\San_Luis
   Compressing: C:\Users\Administrator\Documents\projects\copytrades\dist\CopyTrades\_internal\pytz\zoneinfo\America\Argentina\Tucuman
   Compressing: C:\Users\Administrator\Documents\projects\copytrades\dist\CopyTrades\_internal\pytz\zoneinfo\America\Argentina\Ushuaia
   Compressing: C:\Users\Administrator\Documents\projects\copytrades\dist\CopyTrades\_internal\pytz\zoneinfo\America\Indiana\Indianapolis
   Compressing: C:\Users\Administrator\Documents\projects\copytrades\dist\CopyTrades\_internal\pytz\zoneinfo\America\Indiana\Knox
   Compressing: C:\Users\Administrator\Documents\projects\copytrades\dist\CopyTrades\_internal\pytz\zoneinfo\America\Indiana\Marengo
   Compressing: C:\Users\Administrator\Documents\projects\copytrades\dist\CopyTrades\_internal\pytz\zoneinfo\America\Indiana\Petersburg
   Compressing: C:\Users\Administrator\Documents\projects\copytrades\dist\CopyTrades\_internal\pytz\zoneinfo\America\Indiana\Tell_City
   Compressing: C:\Users\Administrator\Documents\projects\copytrades\dist\CopyTrades\_internal\pytz\zoneinfo\America\Indiana\Vevay
   Compressing: C:\Users\Administrator\Documents\projects\copytrades\dist\CopyTrades\_internal\pytz\zoneinfo\America\Indiana\Vincennes
   Compressing: C:\Users\Administrator\Documents\projects\copytrades\dist\CopyTrades\_internal\pytz\zoneinfo\America\Indiana\Winamac
   Compressing: C:\Users\Administrator\Documents\projects\copytrades\dist\CopyTrades\_internal\pytz\zoneinfo\America\Kentucky\Louisville
   Compressing: C:\Users\Administrator\Documents\projects\copytrades\dist\CopyTrades\_internal\pytz\zoneinfo\America\Kentucky\Monticello
   Compressing: C:\Users\Administrator\Documents\projects\copytrades\dist\CopyTrades\_internal\pytz\zoneinfo\America\North_Dakota\Beulah
   Compressing: C:\Users\Administrator\Documents\projects\copytrades\dist\CopyTrades\_internal\pytz\zoneinfo\America\North_Dakota\Center
   Compressing: C:\Users\Administrator\Documents\projects\copytrades\dist\CopyTrades\_internal\pytz\zoneinfo\America\North_Dakota\New_Salem
   Compressing: C:\Users\Administrator\Documents\projects\copytrades\dist\CopyTrades\_internal\pytz\zoneinfo\Antarctica\Casey
   Compressing: C:\Users\Administrator\Documents\projects\copytrades\dist\CopyTrades\_internal\pytz\zoneinfo\Antarctica\Davis
   Compressing: C:\Users\Administrator\Documents\projects\copytrades\dist\CopyTrades\_internal\pytz\zoneinfo\Antarctica\DumontDUrville
   Compressing: C:\Users\Administrator\Documents\projects\copytrades\dist\CopyTrades\_internal\pytz\zoneinfo\Antarctica\Macquarie
   Compressing: C:\Users\Administrator\Documents\projects\copytrades\dist\CopyTrades\_internal\pytz\zoneinfo\Antarctica\Mawson
   Compressing: C:\Users\Administrator\Documents\projects\copytrades\dist\CopyTrades\_internal\pytz\zoneinfo\Antarctica\McMurdo
   Compressing: C:\Users\Administrator\Documents\projects\copytrades\dist\CopyTrades\_internal\pytz\zoneinfo\Antarctica\Palmer
   Compressing: C:\Users\Administrator\Documents\projects\copytrades\dist\CopyTrades\_internal\pytz\zoneinfo\Antarctica\Rothera
   Compressing: C:\Users\Administrator\Documents\projects\copytrades\dist\CopyTrades\_internal\pytz\zoneinfo\Antarctica\South_Pole
   Compressing: C:\Users\Administrator\Documents\projects\copytrades\dist\CopyTrades\_internal\pytz\zoneinfo\Antarctica\Syowa
   Compressing: C:\Users\Administrator\Documents\projects\copytrades\dist\CopyTrades\_internal\pytz\zoneinfo\Antarctica\Troll
   Compressing: C:\Users\Administrator\Documents\projects\copytrades\dist\CopyTrades\_internal\pytz\zoneinfo\Antarctica\Vostok
   Compressing: C:\Users\Administrator\Documents\projects\copytrades\dist\CopyTrades\_internal\pytz\zoneinfo\Arctic\Longyearbyen
   Compressing: C:\Users\Administrator\Documents\projects\copytrades\dist\CopyTrades\_internal\pytz\zoneinfo\Asia\Aden
   Compressing: C:\Users\Administrator\Documents\projects\copytrades\dist\CopyTrades\_internal\pytz\zoneinfo\Asia\Almaty
   Compressing: C:\Users\Administrator\Documents\projects\copytrades\dist\CopyTrades\_internal\pytz\zoneinfo\Asia\Amman
   Compressing: C:\Users\Administrator\Documents\projects\copytrades\dist\CopyTrades\_internal\pytz\zoneinfo\Asia\Anadyr
   Compressing: C:\Users\Administrator\Documents\projects\copytrades\dist\CopyTrades\_internal\pytz\zoneinfo\Asia\Aqtau
   Compressing: C:\Users\Administrator\Documents\projects\copytrades\dist\CopyTrades\_internal\pytz\zoneinfo\Asia\Aqtobe
   Compressing: C:\Users\Administrator\Documents\projects\copytrades\dist\CopyTrades\_internal\pytz\zoneinfo\Asia\Ashgabat
   Compressing: C:\Users\Administrator\Documents\projects\copytrades\dist\CopyTrades\_internal\pytz\zoneinfo\Asia\Ashkhabad
   Compressing: C:\Users\Administrator\Documents\projects\copytrades\dist\CopyTrades\_internal\pytz\zoneinfo\Asia\Atyrau
   Compressing: C:\Users\Administrator\Documents\projects\copytrades\dist\CopyTrades\_internal\pytz\zoneinfo\Asia\Baghdad
   Compressing: C:\Users\Administrator\Documents\projects\copytrades\dist\CopyTrades\_internal\pytz\zoneinfo\Asia\Bahrain
   Compressing: C:\Users\Administrator\Documents\projects\copytrades\dist\CopyTrades\_internal\pytz\zoneinfo\Asia\Baku
   Compressing: C:\Users\Administrator\Documents\projects\copytrades\dist\CopyTrades\_internal\pytz\zoneinfo\Asia\Bangkok
   Compressing: C:\Users\Administrator\Documents\projects\copytrades\dist\CopyTrades\_internal\pytz\zoneinfo\Asia\Barnaul
   Compressing: C:\Users\Administrator\Documents\projects\copytrades\dist\CopyTrades\_internal\pytz\zoneinfo\Asia\Beirut
   Compressing: C:\Users\Administrator\Documents\projects\copytrades\dist\CopyTrades\_internal\pytz\zoneinfo\Asia\Bishkek
   Compressing: C:\Users\Administrator\Documents\projects\copytrades\dist\CopyTrades\_internal\pytz\zoneinfo\Asia\Brunei
   Compressing: C:\Users\Administrator\Documents\projects\copytrades\dist\CopyTrades\_internal\pytz\zoneinfo\Asia\Calcutta
   Compressing: C:\Users\Administrator\Documents\projects\copytrades\dist\CopyTrades\_internal\pytz\zoneinfo\Asia\Chita
   Compressing: C:\Users\Administrator\Documents\projects\copytrades\dist\CopyTrades\_internal\pytz\zoneinfo\Asia\Choibalsan
   Compressing: C:\Users\Administrator\Documents\projects\copytrades\dist\CopyTrades\_internal\pytz\zoneinfo\Asia\Chongqing
   Compressing: C:\Users\Administrator\Documents\projects\copytrades\dist\CopyTrades\_internal\pytz\zoneinfo\Asia\Chungking
   Compressing: C:\Users\Administrator\Documents\projects\copytrades\dist\CopyTrades\_internal\pytz\zoneinfo\Asia\Colombo
   Compressing: C:\Users\Administrator\Documents\projects\copytrades\dist\CopyTrades\_internal\pytz\zoneinfo\Asia\Dacca
   Compressing: C:\Users\Administrator\Documents\projects\copytrades\dist\CopyTrades\_internal\pytz\zoneinfo\Asia\Damascus
   Compressing: C:\Users\Administrator\Documents\projects\copytrades\dist\CopyTrades\_internal\pytz\zoneinfo\Asia\Dhaka
   Compressing: C:\Users\Administrator\Documents\projects\copytrades\dist\CopyTrades\_internal\pytz\zoneinfo\Asia\Dili
   Compressing: C:\Users\Administrator\Documents\projects\copytrades\dist\CopyTrades\_internal\pytz\zoneinfo\Asia\Dubai
   Compressing: C:\Users\Administrator\Documents\projects\copytrades\dist\CopyTrades\_internal\pytz\zoneinfo\Asia\Dushanbe
   Compressing: C:\Users\Administrator\Documents\projects\copytrades\dist\CopyTrades\_internal\pytz\zoneinfo\Asia\Famagusta
   Compressing: C:\Users\Administrator\Documents\projects\copytrades\dist\CopyTrades\_internal\pytz\zoneinfo\Asia\Gaza
   Compressing: C:\Users\Administrator\Documents\projects\copytrades\dist\CopyTrades\_internal\pytz\zoneinfo\Asia\Harbin
   Compressing: C:\Users\Administrator\Documents\projects\copytrades\dist\CopyTrades\_internal\pytz\zoneinfo\Asia\Hebron
   Compressing: C:\Users\Administrator\Documents\projects\copytrades\dist\CopyTrades\_internal\pytz\zoneinfo\Asia\Hong_Kong
   Compressing: C:\Users\Administrator\Documents\projects\copytrades\dist\CopyTrades\_internal\pytz\zoneinfo\Asia\Hovd
   Compressing: C:\Users\Administrator\Documents\projects\copytrades\dist\CopyTrades\_internal\pytz\zoneinfo\Asia\Ho_Chi_Minh
   Compressing: C:\Users\Administrator\Documents\projects\copytrades\dist\CopyTrades\_internal\pytz\zoneinfo\Asia\Irkutsk
   Compressing: C:\Users\Administrator\Documents\projects\copytrades\dist\CopyTrades\_internal\pytz\zoneinfo\Asia\Istanbul
   Compressing: C:\Users\Administrator\Documents\projects\copytrades\dist\CopyTrades\_internal\pytz\zoneinfo\Asia\Jakarta
   Compressing: C:\Users\Administrator\Documents\projects\copytrades\dist\CopyTrades\_internal\pytz\zoneinfo\Asia\Jayapura
   Compressing: C:\Users\Administrator\Documents\projects\copytrades\dist\CopyTrades\_internal\pytz\zoneinfo\Asia\Jerusalem
   Compressing: C:\Users\Administrator\Documents\projects\copytrades\dist\CopyTrades\_internal\pytz\zoneinfo\Asia\Kabul
   Compressing: C:\Users\Administrator\Documents\projects\copytrades\dist\CopyTrades\_internal\pytz\zoneinfo\Asia\Kamchatka
   Compressing: C:\Users\Administrator\Documents\projects\copytrades\dist\CopyTrades\_internal\pytz\zoneinfo\Asia\Karachi
   Compressing: C:\Users\Administrator\Documents\projects\copytrades\dist\CopyTrades\_internal\pytz\zoneinfo\Asia\Kashgar
   Compressing: C:\Users\Administrator\Documents\projects\copytrades\dist\CopyTrades\_internal\pytz\zoneinfo\Asia\Kathmandu
   Compressing: C:\Users\Administrator\Documents\projects\copytrades\dist\CopyTrades\_internal\pytz\zoneinfo\Asia\Katmandu
   Compressing: C:\Users\Administrator\Documents\projects\copytrades\dist\CopyTrades\_internal\pytz\zoneinfo\Asia\Khandyga
   Compressing: C:\Users\Administrator\Documents\projects\copytrades\dist\CopyTrades\_internal\pytz\zoneinfo\Asia\Kolkata
   Compressing: C:\Users\Administrator\Documents\projects\copytrades\dist\CopyTrades\_internal\pytz\zoneinfo\Asia\Krasnoyarsk
   Compressing: C:\Users\Administrator\Documents\projects\copytrades\dist\CopyTrades\_internal\pytz\zoneinfo\Asia\Kuala_Lumpur
   Compressing: C:\Users\Administrator\Documents\projects\copytrades\dist\CopyTrades\_internal\pytz\zoneinfo\Asia\Kuching
   Compressing: C:\Users\Administrator\Documents\projects\copytrades\dist\CopyTrades\_internal\pytz\zoneinfo\Asia\Kuwait
   Compressing: C:\Users\Administrator\Documents\projects\copytrades\dist\CopyTrades\_internal\pytz\zoneinfo\Asia\Macao
   Compressing: C:\Users\Administrator\Documents\projects\copytrades\dist\CopyTrades\_internal\pytz\zoneinfo\Asia\Macau
   Compressing: C:\Users\Administrator\Documents\projects\copytrades\dist\CopyTrades\_internal\pytz\zoneinfo\Asia\Magadan
   Compressing: C:\Users\Administrator\Documents\projects\copytrades\dist\CopyTrades\_internal\pytz\zoneinfo\Asia\Makassar
   Compressing: C:\Users\Administrator\Documents\projects\copytrades\dist\CopyTrades\_internal\pytz\zoneinfo\Asia\Manila
   Compressing: C:\Users\Administrator\Documents\projects\copytrades\dist\CopyTrades\_internal\pytz\zoneinfo\Asia\Muscat
   Compressing: C:\Users\Administrator\Documents\projects\copytrades\dist\CopyTrades\_internal\pytz\zoneinfo\Asia\Nicosia
   Compressing: C:\Users\Administrator\Documents\projects\copytrades\dist\CopyTrades\_internal\pytz\zoneinfo\Asia\Novokuznetsk
   Compressing: C:\Users\Administrator\Documents\projects\copytrades\dist\CopyTrades\_internal\pytz\zoneinfo\Asia\Novosibirsk
   Compressing: C:\Users\Administrator\Documents\projects\copytrades\dist\CopyTrades\_internal\pytz\zoneinfo\Asia\Omsk
   Compressing: C:\Users\Administrator\Documents\projects\copytrades\dist\CopyTrades\_internal\pytz\zoneinfo\Asia\Oral
   Compressing: C:\Users\Administrator\Documents\projects\copytrades\dist\CopyTrades\_internal\pytz\zoneinfo\Asia\Phnom_Penh
   Compressing: C:\Users\Administrator\Documents\projects\copytrades\dist\CopyTrades\_internal\pytz\zoneinfo\Asia\Pontianak
   Compressing: C:\Users\Administrator\Documents\projects\copytrades\dist\CopyTrades\_internal\pytz\zoneinfo\Asia\Pyongyang
   Compressing: C:\Users\Administrator\Documents\projects\copytrades\dist\CopyTrades\_internal\pytz\zoneinfo\Asia\Qatar
   Compressing: C:\Users\Administrator\Documents\projects\copytrades\dist\CopyTrades\_internal\pytz\zoneinfo\Asia\Qostanay
   Compressing: C:\Users\Administrator\Documents\projects\copytrades\dist\CopyTrades\_internal\pytz\zoneinfo\Asia\Qyzylorda
   Compressing: C:\Users\Administrator\Documents\projects\copytrades\dist\CopyTrades\_internal\pytz\zoneinfo\Asia\Rangoon
   Compressing: C:\Users\Administrator\Documents\projects\copytrades\dist\CopyTrades\_internal\pytz\zoneinfo\Asia\Riyadh
   Compressing: C:\Users\Administrator\Documents\projects\copytrades\dist\CopyTrades\_internal\pytz\zoneinfo\Asia\Saigon
   Compressing: C:\Users\Administrator\Documents\projects\copytrades\dist\CopyTrades\_internal\pytz\zoneinfo\Asia\Sakhalin
   Compressing: C:\Users\Administrator\Documents\projects\copytrades\dist\CopyTrades\_internal\pytz\zoneinfo\Asia\Samarkand
   Compressing: C:\Users\Administrator\Documents\projects\copytrades\dist\CopyTrades\_internal\pytz\zoneinfo\Asia\Seoul
   Compressing: C:\Users\Administrator\Documents\projects\copytrades\dist\CopyTrades\_internal\pytz\zoneinfo\Asia\Shanghai
   Compressing: C:\Users\Administrator\Documents\projects\copytrades\dist\CopyTrades\_internal\pytz\zoneinfo\Asia\Singapore
   Compressing: C:\Users\Administrator\Documents\projects\copytrades\dist\CopyTrades\_internal\pytz\zoneinfo\Asia\Srednekolymsk
   Compressing: C:\Users\Administrator\Documents\projects\copytrades\dist\CopyTrades\_internal\pytz\zoneinfo\Asia\Taipei
   Compressing: C:\Users\Administrator\Documents\projects\copytrades\dist\CopyTrades\_internal\pytz\zoneinfo\Asia\Tashkent
   Compressing: C:\Users\Administrator\Documents\projects\copytrades\dist\CopyTrades\_internal\pytz\zoneinfo\Asia\Tbilisi
   Compressing: C:\Users\Administrator\Documents\projects\copytrades\dist\CopyTrades\_internal\pytz\zoneinfo\Asia\Tehran
   Compressing: C:\Users\Administrator\Documents\projects\copytrades\dist\CopyTrades\_internal\pytz\zoneinfo\Asia\Tel_Aviv
   Compressing: C:\Users\Administrator\Documents\projects\copytrades\dist\CopyTrades\_internal\pytz\zoneinfo\Asia\Thimbu
   Compressing: C:\Users\Administrator\Documents\projects\copytrades\dist\CopyTrades\_internal\pytz\zoneinfo\Asia\Thimphu
   Compressing: C:\Users\Administrator\Documents\projects\copytrades\dist\CopyTrades\_internal\pytz\zoneinfo\Asia\Tokyo
   Compressing: C:\Users\Administrator\Documents\projects\copytrades\dist\CopyTrades\_internal\pytz\zoneinfo\Asia\Tomsk
   Compressing: C:\Users\Administrator\Documents\projects\copytrades\dist\CopyTrades\_internal\pytz\zoneinfo\Asia\Ujung_Pandang
   Compressing: C:\Users\Administrator\Documents\projects\copytrades\dist\CopyTrades\_internal\pytz\zoneinfo\Asia\Ulaanbaatar
   Compressing: C:\Users\Administrator\Documents\projects\copytrades\dist\CopyTrades\_internal\pytz\zoneinfo\Asia\Ulan_Bator
   Compressing: C:\Users\Administrator\Documents\projects\copytrades\dist\CopyTrades\_internal\pytz\zoneinfo\Asia\Urumqi
   Compressing: C:\Users\Administrator\Documents\projects\copytrades\dist\CopyTrades\_internal\pytz\zoneinfo\Asia\Ust-Nera
   Compressing: C:\Users\Administrator\Documents\projects\copytrades\dist\CopyTrades\_internal\pytz\zoneinfo\Asia\Vientiane
   Compressing: C:\Users\Administrator\Documents\projects\copytrades\dist\CopyTrades\_internal\pytz\zoneinfo\Asia\Vladivostok
   Compressing: C:\Users\Administrator\Documents\projects\copytrades\dist\CopyTrades\_internal\pytz\zoneinfo\Asia\Yakutsk
   Compressing: C:\Users\Administrator\Documents\projects\copytrades\dist\CopyTrades\_internal\pytz\zoneinfo\Asia\Yangon
   Compressing: C:\Users\Administrator\Documents\projects\copytrades\dist\CopyTrades\_internal\pytz\zoneinfo\Asia\Yekaterinburg
   Compressing: C:\Users\Administrator\Documents\projects\copytrades\dist\CopyTrades\_internal\pytz\zoneinfo\Asia\Yerevan
   Compressing: C:\Users\Administrator\Documents\projects\copytrades\dist\CopyTrades\_internal\pytz\zoneinfo\Atlantic\Azores
   Compressing: C:\Users\Administrator\Documents\projects\copytrades\dist\CopyTrades\_internal\pytz\zoneinfo\Atlantic\Bermuda
   Compressing: C:\Users\Administrator\Documents\projects\copytrades\dist\CopyTrades\_internal\pytz\zoneinfo\Atlantic\Canary
   Compressing: C:\Users\Administrator\Documents\projects\copytrades\dist\CopyTrades\_internal\pytz\zoneinfo\Atlantic\Cape_Verde
   Compressing: C:\Users\Administrator\Documents\projects\copytrades\dist\CopyTrades\_internal\pytz\zoneinfo\Atlantic\Faeroe
   Compressing: C:\Users\Administrator\Documents\projects\copytrades\dist\CopyTrades\_internal\pytz\zoneinfo\Atlantic\Faroe
   Compressing: C:\Users\Administrator\Documents\projects\copytrades\dist\CopyTrades\_internal\pytz\zoneinfo\Atlantic\Jan_Mayen
   Compressing: C:\Users\Administrator\Documents\projects\copytrades\dist\CopyTrades\_internal\pytz\zoneinfo\Atlantic\Madeira
   Compressing: C:\Users\Administrator\Documents\projects\copytrades\dist\CopyTrades\_internal\pytz\zoneinfo\Atlantic\Reykjavik
   Compressing: C:\Users\Administrator\Documents\projects\copytrades\dist\CopyTrades\_internal\pytz\zoneinfo\Atlantic\South_Georgia
   Compressing: C:\Users\Administrator\Documents\projects\copytrades\dist\CopyTrades\_internal\pytz\zoneinfo\Atlantic\Stanley
   Compressing: C:\Users\Administrator\Documents\projects\copytrades\dist\CopyTrades\_internal\pytz\zoneinfo\Atlantic\St_Helena
   Compressing: C:\Users\Administrator\Documents\projects\copytrades\dist\CopyTrades\_internal\pytz\zoneinfo\Australia\ACT
   Compressing: C:\Users\Administrator\Documents\projects\copytrades\dist\CopyTrades\_internal\pytz\zoneinfo\Australia\Adelaide
   Compressing: C:\Users\Administrator\Documents\projects\copytrades\dist\CopyTrades\_internal\pytz\zoneinfo\Australia\Brisbane
   Compressing: C:\Users\Administrator\Documents\projects\copytrades\dist\CopyTrades\_internal\pytz\zoneinfo\Australia\Broken_Hill
   Compressing: C:\Users\Administrator\Documents\projects\copytrades\dist\CopyTrades\_internal\pytz\zoneinfo\Australia\Canberra
   Compressing: C:\Users\Administrator\Documents\projects\copytrades\dist\CopyTrades\_internal\pytz\zoneinfo\Australia\Currie
   Compressing: C:\Users\Administrator\Documents\projects\copytrades\dist\CopyTrades\_internal\pytz\zoneinfo\Australia\Darwin
   Compressing: C:\Users\Administrator\Documents\projects\copytrades\dist\CopyTrades\_internal\pytz\zoneinfo\Australia\Eucla
   Compressing: C:\Users\Administrator\Documents\projects\copytrades\dist\CopyTrades\_internal\pytz\zoneinfo\Australia\Hobart
   Compressing: C:\Users\Administrator\Documents\projects\copytrades\dist\CopyTrades\_internal\pytz\zoneinfo\Australia\LHI
   Compressing: C:\Users\Administrator\Documents\projects\copytrades\dist\CopyTrades\_internal\pytz\zoneinfo\Australia\Lindeman
   Compressing: C:\Users\Administrator\Documents\projects\copytrades\dist\CopyTrades\_internal\pytz\zoneinfo\Australia\Lord_Howe
   Compressing: C:\Users\Administrator\Documents\projects\copytrades\dist\CopyTrades\_internal\pytz\zoneinfo\Australia\Melbourne
   Compressing: C:\Users\Administrator\Documents\projects\copytrades\dist\CopyTrades\_internal\pytz\zoneinfo\Australia\North
   Compressing: C:\Users\Administrator\Documents\projects\copytrades\dist\CopyTrades\_internal\pytz\zoneinfo\Australia\NSW
   Compressing: C:\Users\Administrator\Documents\projects\copytrades\dist\CopyTrades\_internal\pytz\zoneinfo\Australia\Perth
   Compressing: C:\Users\Administrator\Documents\projects\copytrades\dist\CopyTrades\_internal\pytz\zoneinfo\Australia\Queensland
   Compressing: C:\Users\Administrator\Documents\projects\copytrades\dist\CopyTrades\_internal\pytz\zoneinfo\Australia\South
   Compressing: C:\Users\Administrator\Documents\projects\copytrades\dist\CopyTrades\_internal\pytz\zoneinfo\Australia\Sydney
   Compressing: C:\Users\Administrator\Documents\projects\copytrades\dist\CopyTrades\_internal\pytz\zoneinfo\Australia\Tasmania
   Compressing: C:\Users\Administrator\Documents\projects\copytrades\dist\CopyTrades\_internal\pytz\zoneinfo\Australia\Victoria
   Compressing: C:\Users\Administrator\Documents\projects\copytrades\dist\CopyTrades\_internal\pytz\zoneinfo\Australia\West
   Compressing: C:\Users\Administrator\Documents\projects\copytrades\dist\CopyTrades\_internal\pytz\zoneinfo\Australia\Yancowinna
   Compressing: C:\Users\Administrator\Documents\projects\copytrades\dist\CopyTrades\_internal\pytz\zoneinfo\Brazil\Acre
   Compressing: C:\Users\Administrator\Documents\projects\copytrades\dist\CopyTrades\_internal\pytz\zoneinfo\Brazil\DeNoronha
   Compressing: C:\Users\Administrator\Documents\projects\copytrades\dist\CopyTrades\_internal\pytz\zoneinfo\Brazil\East
   Compressing: C:\Users\Administrator\Documents\projects\copytrades\dist\CopyTrades\_internal\pytz\zoneinfo\Brazil\West
   Compressing: C:\Users\Administrator\Documents\projects\copytrades\dist\CopyTrades\_internal\pytz\zoneinfo\Canada\Atlantic
   Compressing: C:\Users\Administrator\Documents\projects\copytrades\dist\CopyTrades\_internal\pytz\zoneinfo\Canada\Central
   Compressing: C:\Users\Administrator\Documents\projects\copytrades\dist\CopyTrades\_internal\pytz\zoneinfo\Canada\Eastern
   Compressing: C:\Users\Administrator\Documents\projects\copytrades\dist\CopyTrades\_internal\pytz\zoneinfo\Canada\Mountain
   Compressing: C:\Users\Administrator\Documents\projects\copytrades\dist\CopyTrades\_internal\pytz\zoneinfo\Canada\Newfoundland
   Compressing: C:\Users\Administrator\Documents\projects\copytrades\dist\CopyTrades\_internal\pytz\zoneinfo\Canada\Pacific
   Compressing: C:\Users\Administrator\Documents\projects\copytrades\dist\CopyTrades\_internal\pytz\zoneinfo\Canada\Saskatchewan
   Compressing: C:\Users\Administrator\Documents\projects\copytrades\dist\CopyTrades\_internal\pytz\zoneinfo\Canada\Yukon
   Compressing: C:\Users\Administrator\Documents\projects\copytrades\dist\CopyTrades\_internal\pytz\zoneinfo\Chile\Continental
   Compressing: C:\Users\Administrator\Documents\projects\copytrades\dist\CopyTrades\_internal\pytz\zoneinfo\Chile\EasterIsland
   Compressing: C:\Users\Administrator\Documents\projects\copytrades\dist\CopyTrades\_internal\pytz\zoneinfo\Etc\GMT
   Compressing: C:\Users\Administrator\Documents\projects\copytrades\dist\CopyTrades\_internal\pytz\zoneinfo\Etc\GMT+0
   Compressing: C:\Users\Administrator\Documents\projects\copytrades\dist\CopyTrades\_internal\pytz\zoneinfo\Etc\GMT+1
   Compressing: C:\Users\Administrator\Documents\projects\copytrades\dist\CopyTrades\_internal\pytz\zoneinfo\Etc\GMT+10
   Compressing: C:\Users\Administrator\Documents\projects\copytrades\dist\CopyTrades\_internal\pytz\zoneinfo\Etc\GMT+11
   Compressing: C:\Users\Administrator\Documents\projects\copytrades\dist\CopyTrades\_internal\pytz\zoneinfo\Etc\GMT+12
   Compressing: C:\Users\Administrator\Documents\projects\copytrades\dist\CopyTrades\_internal\pytz\zoneinfo\Etc\GMT+2
   Compressing: C:\Users\Administrator\Documents\projects\copytrades\dist\CopyTrades\_internal\pytz\zoneinfo\Etc\GMT+3
   Compressing: C:\Users\Administrator\Documents\projects\copytrades\dist\CopyTrades\_internal\pytz\zoneinfo\Etc\GMT+4
   Compressing: C:\Users\Administrator\Documents\projects\copytrades\dist\CopyTrades\_internal\pytz\zoneinfo\Etc\GMT+5
   Compressing: C:\Users\Administrator\Documents\projects\copytrades\dist\CopyTrades\_internal\pytz\zoneinfo\Etc\GMT+6
   Compressing: C:\Users\Administrator\Documents\projects\copytrades\dist\CopyTrades\_internal\pytz\zoneinfo\Etc\GMT+7
   Compressing: C:\Users\Administrator\Documents\projects\copytrades\dist\CopyTrades\_internal\pytz\zoneinfo\Etc\GMT+8
   Compressing: C:\Users\Administrator\Documents\projects\copytrades\dist\CopyTrades\_internal\pytz\zoneinfo\Etc\GMT+9
   Compressing: C:\Users\Administrator\Documents\projects\copytrades\dist\CopyTrades\_internal\pytz\zoneinfo\Etc\GMT-0
   Compressing: C:\Users\Administrator\Documents\projects\copytrades\dist\CopyTrades\_internal\pytz\zoneinfo\Etc\GMT-1
   Compressing: C:\Users\Administrator\Documents\projects\copytrades\dist\CopyTrades\_internal\pytz\zoneinfo\Etc\GMT-10
   Compressing: C:\Users\Administrator\Documents\projects\copytrades\dist\CopyTrades\_internal\pytz\zoneinfo\Etc\GMT-11
   Compressing: C:\Users\Administrator\Documents\projects\copytrades\dist\CopyTrades\_internal\pytz\zoneinfo\Etc\GMT-12
   Compressing: C:\Users\Administrator\Documents\projects\copytrades\dist\CopyTrades\_internal\pytz\zoneinfo\Etc\GMT-13
   Compressing: C:\Users\Administrator\Documents\projects\copytrades\dist\CopyTrades\_internal\pytz\zoneinfo\Etc\GMT-14
   Compressing: C:\Users\Administrator\Documents\projects\copytrades\dist\CopyTrades\_internal\pytz\zoneinfo\Etc\GMT-2
   Compressing: C:\Users\Administrator\Documents\projects\copytrades\dist\CopyTrades\_internal\pytz\zoneinfo\Etc\GMT-3
   Compressing: C:\Users\Administrator\Documents\projects\copytrades\dist\CopyTrades\_internal\pytz\zoneinfo\Etc\GMT-4
   Compressing: C:\Users\Administrator\Documents\projects\copytrades\dist\CopyTrades\_internal\pytz\zoneinfo\Etc\GMT-5
   Compressing: C:\Users\Administrator\Documents\projects\copytrades\dist\CopyTrades\_internal\pytz\zoneinfo\Etc\GMT-6
   Compressing: C:\Users\Administrator\Documents\projects\copytrades\dist\CopyTrades\_internal\pytz\zoneinfo\Etc\GMT-7
   Compressing: C:\Users\Administrator\Documents\projects\copytrades\dist\CopyTrades\_internal\pytz\zoneinfo\Etc\GMT-8
   Compressing: C:\Users\Administrator\Documents\projects\copytrades\dist\CopyTrades\_internal\pytz\zoneinfo\Etc\GMT-9
   Compressing: C:\Users\Administrator\Documents\projects\copytrades\dist\CopyTrades\_internal\pytz\zoneinfo\Etc\GMT0
   Compressing: C:\Users\Administrator\Documents\projects\copytrades\dist\CopyTrades\_internal\pytz\zoneinfo\Etc\Greenwich
   Compressing: C:\Users\Administrator\Documents\projects\copytrades\dist\CopyTrades\_internal\pytz\zoneinfo\Etc\UCT
   Compressing: C:\Users\Administrator\Documents\projects\copytrades\dist\CopyTrades\_internal\pytz\zoneinfo\Etc\Universal
   Compressing: C:\Users\Administrator\Documents\projects\copytrades\dist\CopyTrades\_internal\pytz\zoneinfo\Etc\UTC
   Compressing: C:\Users\Administrator\Documents\projects\copytrades\dist\CopyTrades\_internal\pytz\zoneinfo\Etc\Zulu
   Compressing: C:\Users\Administrator\Documents\projects\copytrades\dist\CopyTrades\_internal\pytz\zoneinfo\Europe\Amsterdam
   Compressing: C:\Users\Administrator\Documents\projects\copytrades\dist\CopyTrades\_internal\pytz\zoneinfo\Europe\Andorra
   Compressing: C:\Users\Administrator\Documents\projects\copytrades\dist\CopyTrades\_internal\pytz\zoneinfo\Europe\Astrakhan
   Compressing: C:\Users\Administrator\Documents\projects\copytrades\dist\CopyTrades\_internal\pytz\zoneinfo\Europe\Athens
   Compressing: C:\Users\Administrator\Documents\projects\copytrades\dist\CopyTrades\_internal\pytz\zoneinfo\Europe\Belfast
   Compressing: C:\Users\Administrator\Documents\projects\copytrades\dist\CopyTrades\_internal\pytz\zoneinfo\Europe\Belgrade
   Compressing: C:\Users\Administrator\Documents\projects\copytrades\dist\CopyTrades\_internal\pytz\zoneinfo\Europe\Berlin
   Compressing: C:\Users\Administrator\Documents\projects\copytrades\dist\CopyTrades\_internal\pytz\zoneinfo\Europe\Bratislava
   Compressing: C:\Users\Administrator\Documents\projects\copytrades\dist\CopyTrades\_internal\pytz\zoneinfo\Europe\Brussels
   Compressing: C:\Users\Administrator\Documents\projects\copytrades\dist\CopyTrades\_internal\pytz\zoneinfo\Europe\Bucharest
   Compressing: C:\Users\Administrator\Documents\projects\copytrades\dist\CopyTrades\_internal\pytz\zoneinfo\Europe\Budapest
   Compressing: C:\Users\Administrator\Documents\projects\copytrades\dist\CopyTrades\_internal\pytz\zoneinfo\Europe\Busingen
   Compressing: C:\Users\Administrator\Documents\projects\copytrades\dist\CopyTrades\_internal\pytz\zoneinfo\Europe\Chisinau
   Compressing: C:\Users\Administrator\Documents\projects\copytrades\dist\CopyTrades\_internal\pytz\zoneinfo\Europe\Copenhagen
   Compressing: C:\Users\Administrator\Documents\projects\copytrades\dist\CopyTrades\_internal\pytz\zoneinfo\Europe\Dublin
   Compressing: C:\Users\Administrator\Documents\projects\copytrades\dist\CopyTrades\_internal\pytz\zoneinfo\Europe\Gibraltar
   Compressing: C:\Users\Administrator\Documents\projects\copytrades\dist\CopyTrades\_internal\pytz\zoneinfo\Europe\Guernsey
   Compressing: C:\Users\Administrator\Documents\projects\copytrades\dist\CopyTrades\_internal\pytz\zoneinfo\Europe\Helsinki
   Compressing: C:\Users\Administrator\Documents\projects\copytrades\dist\CopyTrades\_internal\pytz\zoneinfo\Europe\Isle_of_Man
   Compressing: C:\Users\Administrator\Documents\projects\copytrades\dist\CopyTrades\_internal\pytz\zoneinfo\Europe\Istanbul
   Compressing: C:\Users\Administrator\Documents\projects\copytrades\dist\CopyTrades\_internal\pytz\zoneinfo\Europe\Jersey
   Compressing: C:\Users\Administrator\Documents\projects\copytrades\dist\CopyTrades\_internal\pytz\zoneinfo\Europe\Kaliningrad
   Compressing: C:\Users\Administrator\Documents\projects\copytrades\dist\CopyTrades\_internal\pytz\zoneinfo\Europe\Kiev
   Compressing: C:\Users\Administrator\Documents\projects\copytrades\dist\CopyTrades\_internal\pytz\zoneinfo\Europe\Kirov
   Compressing: C:\Users\Administrator\Documents\projects\copytrades\dist\CopyTrades\_internal\pytz\zoneinfo\Europe\Kyiv
   Compressing: C:\Users\Administrator\Documents\projects\copytrades\dist\CopyTrades\_internal\pytz\zoneinfo\Europe\Lisbon
   Compressing: C:\Users\Administrator\Documents\projects\copytrades\dist\CopyTrades\_internal\pytz\zoneinfo\Europe\Ljubljana
   Compressing: C:\Users\Administrator\Documents\projects\copytrades\dist\CopyTrades\_internal\pytz\zoneinfo\Europe\London
   Compressing: C:\Users\Administrator\Documents\projects\copytrades\dist\CopyTrades\_internal\pytz\zoneinfo\Europe\Luxembourg
   Compressing: C:\Users\Administrator\Documents\projects\copytrades\dist\CopyTrades\_internal\pytz\zoneinfo\Europe\Madrid
   Compressing: C:\Users\Administrator\Documents\projects\copytrades\dist\CopyTrades\_internal\pytz\zoneinfo\Europe\Malta
   Compressing: C:\Users\Administrator\Documents\projects\copytrades\dist\CopyTrades\_internal\pytz\zoneinfo\Europe\Mariehamn
   Compressing: C:\Users\Administrator\Documents\projects\copytrades\dist\CopyTrades\_internal\pytz\zoneinfo\Europe\Minsk
   Compressing: C:\Users\Administrator\Documents\projects\copytrades\dist\CopyTrades\_internal\pytz\zoneinfo\Europe\Monaco
   Compressing: C:\Users\Administrator\Documents\projects\copytrades\dist\CopyTrades\_internal\pytz\zoneinfo\Europe\Moscow
   Compressing: C:\Users\Administrator\Documents\projects\copytrades\dist\CopyTrades\_internal\pytz\zoneinfo\Europe\Nicosia
   Compressing: C:\Users\Administrator\Documents\projects\copytrades\dist\CopyTrades\_internal\pytz\zoneinfo\Europe\Oslo
   Compressing: C:\Users\Administrator\Documents\projects\copytrades\dist\CopyTrades\_internal\pytz\zoneinfo\Europe\Paris
   Compressing: C:\Users\Administrator\Documents\projects\copytrades\dist\CopyTrades\_internal\pytz\zoneinfo\Europe\Podgorica
   Compressing: C:\Users\Administrator\Documents\projects\copytrades\dist\CopyTrades\_internal\pytz\zoneinfo\Europe\Prague
   Compressing: C:\Users\Administrator\Documents\projects\copytrades\dist\CopyTrades\_internal\pytz\zoneinfo\Europe\Riga
   Compressing: C:\Users\Administrator\Documents\projects\copytrades\dist\CopyTrades\_internal\pytz\zoneinfo\Europe\Rome
   Compressing: C:\Users\Administrator\Documents\projects\copytrades\dist\CopyTrades\_internal\pytz\zoneinfo\Europe\Samara
   Compressing: C:\Users\Administrator\Documents\projects\copytrades\dist\CopyTrades\_internal\pytz\zoneinfo\Europe\San_Marino
   Compressing: C:\Users\Administrator\Documents\projects\copytrades\dist\CopyTrades\_internal\pytz\zoneinfo\Europe\Sarajevo
   Compressing: C:\Users\Administrator\Documents\projects\copytrades\dist\CopyTrades\_internal\pytz\zoneinfo\Europe\Saratov
   Compressing: C:\Users\Administrator\Documents\projects\copytrades\dist\CopyTrades\_internal\pytz\zoneinfo\Europe\Simferopol
   Compressing: C:\Users\Administrator\Documents\projects\copytrades\dist\CopyTrades\_internal\pytz\zoneinfo\Europe\Skopje
   Compressing: C:\Users\Administrator\Documents\projects\copytrades\dist\CopyTrades\_internal\pytz\zoneinfo\Europe\Sofia
   Compressing: C:\Users\Administrator\Documents\projects\copytrades\dist\CopyTrades\_internal\pytz\zoneinfo\Europe\Stockholm
   Compressing: C:\Users\Administrator\Documents\projects\copytrades\dist\CopyTrades\_internal\pytz\zoneinfo\Europe\Tallinn
   Compressing: C:\Users\Administrator\Documents\projects\copytrades\dist\CopyTrades\_internal\pytz\zoneinfo\Europe\Tirane
   Compressing: C:\Users\Administrator\Documents\projects\copytrades\dist\CopyTrades\_internal\pytz\zoneinfo\Europe\Tiraspol
   Compressing: C:\Users\Administrator\Documents\projects\copytrades\dist\CopyTrades\_internal\pytz\zoneinfo\Europe\Ulyanovsk
   Compressing: C:\Users\Administrator\Documents\projects\copytrades\dist\CopyTrades\_internal\pytz\zoneinfo\Europe\Uzhgorod
   Compressing: C:\Users\Administrator\Documents\projects\copytrades\dist\CopyTrades\_internal\pytz\zoneinfo\Europe\Vaduz
   Compressing: C:\Users\Administrator\Documents\projects\copytrades\dist\CopyTrades\_internal\pytz\zoneinfo\Europe\Vatican
   Compressing: C:\Users\Administrator\Documents\projects\copytrades\dist\CopyTrades\_internal\pytz\zoneinfo\Europe\Vienna
   Compressing: C:\Users\Administrator\Documents\projects\copytrades\dist\CopyTrades\_internal\pytz\zoneinfo\Europe\Vilnius
   Compressing: C:\Users\Administrator\Documents\projects\copytrades\dist\CopyTrades\_internal\pytz\zoneinfo\Europe\Volgograd
   Compressing: C:\Users\Administrator\Documents\projects\copytrades\dist\CopyTrades\_internal\pytz\zoneinfo\Europe\Warsaw
   Compressing: C:\Users\Administrator\Documents\projects\copytrades\dist\CopyTrades\_internal\pytz\zoneinfo\Europe\Zagreb
   Compressing: C:\Users\Administrator\Documents\projects\copytrades\dist\CopyTrades\_internal\pytz\zoneinfo\Europe\Zaporozhye
   Compressing: C:\Users\Administrator\Documents\projects\copytrades\dist\CopyTrades\_internal\pytz\zoneinfo\Europe\Zurich
   Compressing: C:\Users\Administrator\Documents\projects\copytrades\dist\CopyTrades\_internal\pytz\zoneinfo\Indian\Antananarivo
   Compressing: C:\Users\Administrator\Documents\projects\copytrades\dist\CopyTrades\_internal\pytz\zoneinfo\Indian\Chagos
   Compressing: C:\Users\Administrator\Documents\projects\copytrades\dist\CopyTrades\_internal\pytz\zoneinfo\Indian\Christmas
   Compressing: C:\Users\Administrator\Documents\projects\copytrades\dist\CopyTrades\_internal\pytz\zoneinfo\Indian\Cocos
   Compressing: C:\Users\Administrator\Documents\projects\copytrades\dist\CopyTrades\_internal\pytz\zoneinfo\Indian\Comoro
   Compressing: C:\Users\Administrator\Documents\projects\copytrades\dist\CopyTrades\_internal\pytz\zoneinfo\Indian\Kerguelen
   Compressing: C:\Users\Administrator\Documents\projects\copytrades\dist\CopyTrades\_internal\pytz\zoneinfo\Indian\Mahe
   Compressing: C:\Users\Administrator\Documents\projects\copytrades\dist\CopyTrades\_internal\pytz\zoneinfo\Indian\Maldives
   Compressing: C:\Users\Administrator\Documents\projects\copytrades\dist\CopyTrades\_internal\pytz\zoneinfo\Indian\Mauritius
   Compressing: C:\Users\Administrator\Documents\projects\copytrades\dist\CopyTrades\_internal\pytz\zoneinfo\Indian\Mayotte
   Compressing: C:\Users\Administrator\Documents\projects\copytrades\dist\CopyTrades\_internal\pytz\zoneinfo\Indian\Reunion
   Compressing: C:\Users\Administrator\Documents\projects\copytrades\dist\CopyTrades\_internal\pytz\zoneinfo\Mexico\BajaNorte
   Compressing: C:\Users\Administrator\Documents\projects\copytrades\dist\CopyTrades\_internal\pytz\zoneinfo\Mexico\BajaSur
   Compressing: C:\Users\Administrator\Documents\projects\copytrades\dist\CopyTrades\_internal\pytz\zoneinfo\Mexico\General
   Compressing: C:\Users\Administrator\Documents\projects\copytrades\dist\CopyTrades\_internal\pytz\zoneinfo\Pacific\Apia
   Compressing: C:\Users\Administrator\Documents\projects\copytrades\dist\CopyTrades\_internal\pytz\zoneinfo\Pacific\Auckland
   Compressing: C:\Users\Administrator\Documents\projects\copytrades\dist\CopyTrades\_internal\pytz\zoneinfo\Pacific\Bougainville
   Compressing: C:\Users\Administrator\Documents\projects\copytrades\dist\CopyTrades\_internal\pytz\zoneinfo\Pacific\Chatham
   Compressing: C:\Users\Administrator\Documents\projects\copytrades\dist\CopyTrades\_internal\pytz\zoneinfo\Pacific\Chuuk
   Compressing: C:\Users\Administrator\Documents\projects\copytrades\dist\CopyTrades\_internal\pytz\zoneinfo\Pacific\Easter
   Compressing: C:\Users\Administrator\Documents\projects\copytrades\dist\CopyTrades\_internal\pytz\zoneinfo\Pacific\Efate
   Compressing: C:\Users\Administrator\Documents\projects\copytrades\dist\CopyTrades\_internal\pytz\zoneinfo\Pacific\Enderbury
   Compressing: C:\Users\Administrator\Documents\projects\copytrades\dist\CopyTrades\_internal\pytz\zoneinfo\Pacific\Fakaofo
   Compressing: C:\Users\Administrator\Documents\projects\copytrades\dist\CopyTrades\_internal\pytz\zoneinfo\Pacific\Fiji
   Compressing: C:\Users\Administrator\Documents\projects\copytrades\dist\CopyTrades\_internal\pytz\zoneinfo\Pacific\Funafuti
   Compressing: C:\Users\Administrator\Documents\projects\copytrades\dist\CopyTrades\_internal\pytz\zoneinfo\Pacific\Galapagos
   Compressing: C:\Users\Administrator\Documents\projects\copytrades\dist\CopyTrades\_internal\pytz\zoneinfo\Pacific\Gambier
   Compressing: C:\Users\Administrator\Documents\projects\copytrades\dist\CopyTrades\_internal\pytz\zoneinfo\Pacific\Guadalcanal
   Compressing: C:\Users\Administrator\Documents\projects\copytrades\dist\CopyTrades\_internal\pytz\zoneinfo\Pacific\Guam
   Compressing: C:\Users\Administrator\Documents\projects\copytrades\dist\CopyTrades\_internal\pytz\zoneinfo\Pacific\Honolulu
   Compressing: C:\Users\Administrator\Documents\projects\copytrades\dist\CopyTrades\_internal\pytz\zoneinfo\Pacific\Johnston
   Compressing: C:\Users\Administrator\Documents\projects\copytrades\dist\CopyTrades\_internal\pytz\zoneinfo\Pacific\Kanton
   Compressing: C:\Users\Administrator\Documents\projects\copytrades\dist\CopyTrades\_internal\pytz\zoneinfo\Pacific\Kiritimati
   Compressing: C:\Users\Administrator\Documents\projects\copytrades\dist\CopyTrades\_internal\pytz\zoneinfo\Pacific\Kosrae
   Compressing: C:\Users\Administrator\Documents\projects\copytrades\dist\CopyTrades\_internal\pytz\zoneinfo\Pacific\Kwajalein
   Compressing: C:\Users\Administrator\Documents\projects\copytrades\dist\CopyTrades\_internal\pytz\zoneinfo\Pacific\Majuro
   Compressing: C:\Users\Administrator\Documents\projects\copytrades\dist\CopyTrades\_internal\pytz\zoneinfo\Pacific\Marquesas
   Compressing: C:\Users\Administrator\Documents\projects\copytrades\dist\CopyTrades\_internal\pytz\zoneinfo\Pacific\Midway
   Compressing: C:\Users\Administrator\Documents\projects\copytrades\dist\CopyTrades\_internal\pytz\zoneinfo\Pacific\Nauru
   Compressing: C:\Users\Administrator\Documents\projects\copytrades\dist\CopyTrades\_internal\pytz\zoneinfo\Pacific\Niue
   Compressing: C:\Users\Administrator\Documents\projects\copytrades\dist\CopyTrades\_internal\pytz\zoneinfo\Pacific\Norfolk
   Compressing: C:\Users\Administrator\Documents\projects\copytrades\dist\CopyTrades\_internal\pytz\zoneinfo\Pacific\Noumea
   Compressing: C:\Users\Administrator\Documents\projects\copytrades\dist\CopyTrades\_internal\pytz\zoneinfo\Pacific\Pago_Pago
   Compressing: C:\Users\Administrator\Documents\projects\copytrades\dist\CopyTrades\_internal\pytz\zoneinfo\Pacific\Palau
   Compressing: C:\Users\Administrator\Documents\projects\copytrades\dist\CopyTrades\_internal\pytz\zoneinfo\Pacific\Pitcairn
   Compressing: C:\Users\Administrator\Documents\projects\copytrades\dist\CopyTrades\_internal\pytz\zoneinfo\Pacific\Pohnpei
   Compressing: C:\Users\Administrator\Documents\projects\copytrades\dist\CopyTrades\_internal\pytz\zoneinfo\Pacific\Ponape
   Compressing: C:\Users\Administrator\Documents\projects\copytrades\dist\CopyTrades\_internal\pytz\zoneinfo\Pacific\Port_Moresby
   Compressing: C:\Users\Administrator\Documents\projects\copytrades\dist\CopyTrades\_internal\pytz\zoneinfo\Pacific\Rarotonga
   Compressing: C:\Users\Administrator\Documents\projects\copytrades\dist\CopyTrades\_internal\pytz\zoneinfo\Pacific\Saipan
   Compressing: C:\Users\Administrator\Documents\projects\copytrades\dist\CopyTrades\_internal\pytz\zoneinfo\Pacific\Samoa
   Compressing: C:\Users\Administrator\Documents\projects\copytrades\dist\CopyTrades\_internal\pytz\zoneinfo\Pacific\Tahiti
   Compressing: C:\Users\Administrator\Documents\projects\copytrades\dist\CopyTrades\_internal\pytz\zoneinfo\Pacific\Tarawa
   Compressing: C:\Users\Administrator\Documents\projects\copytrades\dist\CopyTrades\_internal\pytz\zoneinfo\Pacific\Tongatapu
   Compressing: C:\Users\Administrator\Documents\projects\copytrades\dist\CopyTrades\_internal\pytz\zoneinfo\Pacific\Truk
   Compressing: C:\Users\Administrator\Documents\projects\copytrades\dist\CopyTrades\_internal\pytz\zoneinfo\Pacific\Wake
   Compressing: C:\Users\Administrator\Documents\projects\copytrades\dist\CopyTrades\_internal\pytz\zoneinfo\Pacific\Wallis
   Compressing: C:\Users\Administrator\Documents\projects\copytrades\dist\CopyTrades\_internal\pytz\zoneinfo\Pacific\Yap
   Compressing: C:\Users\Administrator\Documents\projects\copytrades\dist\CopyTrades\_internal\pytz\zoneinfo\US\Alaska
   Compressing: C:\Users\Administrator\Documents\projects\copytrades\dist\CopyTrades\_internal\pytz\zoneinfo\US\Aleutian
   Compressing: C:\Users\Administrator\Documents\projects\copytrades\dist\CopyTrades\_internal\pytz\zoneinfo\US\Arizona
   Compressing: C:\Users\Administrator\Documents\projects\copytrades\dist\CopyTrades\_internal\pytz\zoneinfo\US\Central
   Compressing: C:\Users\Administrator\Documents\projects\copytrades\dist\CopyTrades\_internal\pytz\zoneinfo\US\East-Indiana
   Compressing: C:\Users\Administrator\Documents\projects\copytrades\dist\CopyTrades\_internal\pytz\zoneinfo\US\Eastern
   Compressing: C:\Users\Administrator\Documents\projects\copytrades\dist\CopyTrades\_internal\pytz\zoneinfo\US\Hawaii
   Compressing: C:\Users\Administrator\Documents\projects\copytrades\dist\CopyTrades\_internal\pytz\zoneinfo\US\Indiana-Starke
   Compressing: C:\Users\Administrator\Documents\projects\copytrades\dist\CopyTrades\_internal\pytz\zoneinfo\US\Michigan
   Compressing: C:\Users\Administrator\Documents\projects\copytrades\dist\CopyTrades\_internal\pytz\zoneinfo\US\Mountain
   Compressing: C:\Users\Administrator\Documents\projects\copytrades\dist\CopyTrades\_internal\pytz\zoneinfo\US\Pacific
   Compressing: C:\Users\Administrator\Documents\projects\copytrades\dist\CopyTrades\_internal\pytz\zoneinfo\US\Samoa
   Compressing: C:\Users\Administrator\Documents\projects\copytrades\dist\CopyTrades\_internal\pywin32_system32\pywintypes313.dll
   Compressing: C:\Users\Administrator\Documents\projects\copytrades\dist\CopyTrades\_internal\setuptools\_vendor\importlib_metadata-8.7.1.dist-info\INSTALLER
   Compressing: C:\Users\Administrator\Documents\projects\copytrades\dist\CopyTrades\_internal\setuptools\_vendor\importlib_metadata-8.7.1.dist-info\METADATA
   Compressing: C:\Users\Administrator\Documents\projects\copytrades\dist\CopyTrades\_internal\setuptools\_vendor\importlib_metadata-8.7.1.dist-info\RECORD
   Compressing: C:\Users\Administrator\Documents\projects\copytrades\dist\CopyTrades\_internal\setuptools\_vendor\importlib_metadata-8.7.1.dist-info\REQUESTED
   Compressing: C:\Users\Administrator\Documents\projects\copytrades\dist\CopyTrades\_internal\setuptools\_vendor\importlib_metadata-8.7.1.dist-info\top_level.txt
   Compressing: C:\Users\Administrator\Documents\projects\copytrades\dist\CopyTrades\_internal\setuptools\_vendor\importlib_metadata-8.7.1.dist-info\WHEEL
   Compressing: C:\Users\Administrator\Documents\projects\copytrades\dist\CopyTrades\_internal\setuptools\_vendor\importlib_metadata-8.7.1.dist-info\licenses\LICENSE
   Compressing: C:\Users\Administrator\Documents\projects\copytrades\dist\CopyTrades\_internal\setuptools\_vendor\jaraco\text\Lorem ipsum.txt
   Compressing: C:\Users\Administrator\Documents\projects\copytrades\dist\CopyTrades\_internal\shiboken6\MSVCP140.dll
   Compressing: C:\Users\Administrator\Documents\projects\copytrades\dist\CopyTrades\_internal\shiboken6\Shiboken.pyd
   Compressing: C:\Users\Administrator\Documents\projects\copytrades\dist\CopyTrades\_internal\shiboken6\shiboken6.abi3.dll
   Compressing: C:\Users\Administrator\Documents\projects\copytrades\dist\CopyTrades\_internal\shiboken6\VCRUNTIME140.dll
   Compressing: C:\Users\Administrator\Documents\projects\copytrades\dist\CopyTrades\_internal\shiboken6\VCRUNTIME140_1.dll
   Compressing: C:\Users\Administrator\Documents\projects\copytrades\dist\CopyTrades\_internal\src\schema.sql
   Compressing: C:\Users\Administrator\Documents\projects\copytrades\dist\CopyTrades\_internal\src\gui\styles.qss
   Compressing: C:\Users\Administrator\Documents\projects\copytrades\dist\CopyTrades\_internal\src\gui\resources\nssm.exe
   Compressing: C:\Users\Administrator\Documents\projects\copytrades\dist\CopyTrades\_internal\tqdm-4.67.3.dist-info\entry_points.txt
   Compressing: C:\Users\Administrator\Documents\projects\copytrades\dist\CopyTrades\_internal\tqdm-4.67.3.dist-info\INSTALLER
   Compressing: C:\Users\Administrator\Documents\projects\copytrades\dist\CopyTrades\_internal\tqdm-4.67.3.dist-info\METADATA
   Compressing: C:\Users\Administrator\Documents\projects\copytrades\dist\CopyTrades\_internal\tqdm-4.67.3.dist-info\RECORD
   Compressing: C:\Users\Administrator\Documents\projects\copytrades\dist\CopyTrades\_internal\tqdm-4.67.3.dist-info\top_level.txt
   Compressing: C:\Users\Administrator\Documents\projects\copytrades\dist\CopyTrades\_internal\tqdm-4.67.3.dist-info\WHEEL
   Compressing: C:\Users\Administrator\Documents\projects\copytrades\dist\CopyTrades\_internal\tqdm-4.67.3.dist-info\licenses\LICENCE
   Compressing: C:\Users\Administrator\Documents\projects\copytrades\dist\CopyTrades\_internal\tzdata\zones
   Compressing: C:\Users\Administrator\Documents\projects\copytrades\dist\CopyTrades\_internal\tzdata\zoneinfo\CET
   Compressing: C:\Users\Administrator\Documents\projects\copytrades\dist\CopyTrades\_internal\tzdata\zoneinfo\CST6CDT
   Compressing: C:\Users\Administrator\Documents\projects\copytrades\dist\CopyTrades\_internal\tzdata\zoneinfo\Cuba
   Compressing: C:\Users\Administrator\Documents\projects\copytrades\dist\CopyTrades\_internal\tzdata\zoneinfo\EET
   Compressing: C:\Users\Administrator\Documents\projects\copytrades\dist\CopyTrades\_internal\tzdata\zoneinfo\Egypt
   Compressing: C:\Users\Administrator\Documents\projects\copytrades\dist\CopyTrades\_internal\tzdata\zoneinfo\Eire
   Compressing: C:\Users\Administrator\Documents\projects\copytrades\dist\CopyTrades\_internal\tzdata\zoneinfo\EST
   Compressing: C:\Users\Administrator\Documents\projects\copytrades\dist\CopyTrades\_internal\tzdata\zoneinfo\EST5EDT
   Compressing: C:\Users\Administrator\Documents\projects\copytrades\dist\CopyTrades\_internal\tzdata\zoneinfo\Factory
   Compressing: C:\Users\Administrator\Documents\projects\copytrades\dist\CopyTrades\_internal\tzdata\zoneinfo\GB
   Compressing: C:\Users\Administrator\Documents\projects\copytrades\dist\CopyTrades\_internal\tzdata\zoneinfo\GB-Eire
   Compressing: C:\Users\Administrator\Documents\projects\copytrades\dist\CopyTrades\_internal\tzdata\zoneinfo\GMT
   Compressing: C:\Users\Administrator\Documents\projects\copytrades\dist\CopyTrades\_internal\tzdata\zoneinfo\GMT+0
   Compressing: C:\Users\Administrator\Documents\projects\copytrades\dist\CopyTrades\_internal\tzdata\zoneinfo\GMT-0
   Compressing: C:\Users\Administrator\Documents\projects\copytrades\dist\CopyTrades\_internal\tzdata\zoneinfo\GMT0
   Compressing: C:\Users\Administrator\Documents\projects\copytrades\dist\CopyTrades\_internal\tzdata\zoneinfo\Greenwich
   Compressing: C:\Users\Administrator\Documents\projects\copytrades\dist\CopyTrades\_internal\tzdata\zoneinfo\Hongkong
   Compressing: C:\Users\Administrator\Documents\projects\copytrades\dist\CopyTrades\_internal\tzdata\zoneinfo\HST
   Compressing: C:\Users\Administrator\Documents\projects\copytrades\dist\CopyTrades\_internal\tzdata\zoneinfo\Iceland
   Compressing: C:\Users\Administrator\Documents\projects\copytrades\dist\CopyTrades\_internal\tzdata\zoneinfo\Iran
   Compressing: C:\Users\Administrator\Documents\projects\copytrades\dist\CopyTrades\_internal\tzdata\zoneinfo\iso3166.tab
   Compressing: C:\Users\Administrator\Documents\projects\copytrades\dist\CopyTrades\_internal\tzdata\zoneinfo\Israel
   Compressing: C:\Users\Administrator\Documents\projects\copytrades\dist\CopyTrades\_internal\tzdata\zoneinfo\Jamaica
   Compressing: C:\Users\Administrator\Documents\projects\copytrades\dist\CopyTrades\_internal\tzdata\zoneinfo\Japan
   Compressing: C:\Users\Administrator\Documents\projects\copytrades\dist\CopyTrades\_internal\tzdata\zoneinfo\Kwajalein
   Compressing: C:\Users\Administrator\Documents\projects\copytrades\dist\CopyTrades\_internal\tzdata\zoneinfo\leapseconds
   Compressing: C:\Users\Administrator\Documents\projects\copytrades\dist\CopyTrades\_internal\tzdata\zoneinfo\Libya
   Compressing: C:\Users\Administrator\Documents\projects\copytrades\dist\CopyTrades\_internal\tzdata\zoneinfo\MET
   Compressing: C:\Users\Administrator\Documents\projects\copytrades\dist\CopyTrades\_internal\tzdata\zoneinfo\MST
   Compressing: C:\Users\Administrator\Documents\projects\copytrades\dist\CopyTrades\_internal\tzdata\zoneinfo\MST7MDT
   Compressing: C:\Users\Administrator\Documents\projects\copytrades\dist\CopyTrades\_internal\tzdata\zoneinfo\Navajo
   Compressing: C:\Users\Administrator\Documents\projects\copytrades\dist\CopyTrades\_internal\tzdata\zoneinfo\NZ
   Compressing: C:\Users\Administrator\Documents\projects\copytrades\dist\CopyTrades\_internal\tzdata\zoneinfo\NZ-CHAT
   Compressing: C:\Users\Administrator\Documents\projects\copytrades\dist\CopyTrades\_internal\tzdata\zoneinfo\Poland
   Compressing: C:\Users\Administrator\Documents\projects\copytrades\dist\CopyTrades\_internal\tzdata\zoneinfo\Portugal
   Compressing: C:\Users\Administrator\Documents\projects\copytrades\dist\CopyTrades\_internal\tzdata\zoneinfo\PRC
   Compressing: C:\Users\Administrator\Documents\projects\copytrades\dist\CopyTrades\_internal\tzdata\zoneinfo\PST8PDT
   Compressing: C:\Users\Administrator\Documents\projects\copytrades\dist\CopyTrades\_internal\tzdata\zoneinfo\ROC
   Compressing: C:\Users\Administrator\Documents\projects\copytrades\dist\CopyTrades\_internal\tzdata\zoneinfo\ROK
   Compressing: C:\Users\Administrator\Documents\projects\copytrades\dist\CopyTrades\_internal\tzdata\zoneinfo\Singapore
   Compressing: C:\Users\Administrator\Documents\projects\copytrades\dist\CopyTrades\_internal\tzdata\zoneinfo\Turkey
   Compressing: C:\Users\Administrator\Documents\projects\copytrades\dist\CopyTrades\_internal\tzdata\zoneinfo\tzdata.zi
   Compressing: C:\Users\Administrator\Documents\projects\copytrades\dist\CopyTrades\_internal\tzdata\zoneinfo\UCT
   Compressing: C:\Users\Administrator\Documents\projects\copytrades\dist\CopyTrades\_internal\tzdata\zoneinfo\Universal
   Compressing: C:\Users\Administrator\Documents\projects\copytrades\dist\CopyTrades\_internal\tzdata\zoneinfo\UTC
   Compressing: C:\Users\Administrator\Documents\projects\copytrades\dist\CopyTrades\_internal\tzdata\zoneinfo\W-SU
   Compressing: C:\Users\Administrator\Documents\projects\copytrades\dist\CopyTrades\_internal\tzdata\zoneinfo\WET
   Compressing: C:\Users\Administrator\Documents\projects\copytrades\dist\CopyTrades\_internal\tzdata\zoneinfo\zone.tab
   Compressing: C:\Users\Administrator\Documents\projects\copytrades\dist\CopyTrades\_internal\tzdata\zoneinfo\zone1970.tab
   Compressing: C:\Users\Administrator\Documents\projects\copytrades\dist\CopyTrades\_internal\tzdata\zoneinfo\zonenow.tab
   Compressing: C:\Users\Administrator\Documents\projects\copytrades\dist\CopyTrades\_internal\tzdata\zoneinfo\Zulu
   Compressing: C:\Users\Administrator\Documents\projects\copytrades\dist\CopyTrades\_internal\tzdata\zoneinfo\Africa\Abidjan
   Compressing: C:\Users\Administrator\Documents\projects\copytrades\dist\CopyTrades\_internal\tzdata\zoneinfo\Africa\Accra
   Compressing: C:\Users\Administrator\Documents\projects\copytrades\dist\CopyTrades\_internal\tzdata\zoneinfo\Africa\Addis_Ababa
   Compressing: C:\Users\Administrator\Documents\projects\copytrades\dist\CopyTrades\_internal\tzdata\zoneinfo\Africa\Algiers
   Compressing: C:\Users\Administrator\Documents\projects\copytrades\dist\CopyTrades\_internal\tzdata\zoneinfo\Africa\Asmara
   Compressing: C:\Users\Administrator\Documents\projects\copytrades\dist\CopyTrades\_internal\tzdata\zoneinfo\Africa\Asmera
   Compressing: C:\Users\Administrator\Documents\projects\copytrades\dist\CopyTrades\_internal\tzdata\zoneinfo\Africa\Bamako
   Compressing: C:\Users\Administrator\Documents\projects\copytrades\dist\CopyTrades\_internal\tzdata\zoneinfo\Africa\Bangui
   Compressing: C:\Users\Administrator\Documents\projects\copytrades\dist\CopyTrades\_internal\tzdata\zoneinfo\Africa\Banjul
   Compressing: C:\Users\Administrator\Documents\projects\copytrades\dist\CopyTrades\_internal\tzdata\zoneinfo\Africa\Bissau
   Compressing: C:\Users\Administrator\Documents\projects\copytrades\dist\CopyTrades\_internal\tzdata\zoneinfo\Africa\Blantyre
   Compressing: C:\Users\Administrator\Documents\projects\copytrades\dist\CopyTrades\_internal\tzdata\zoneinfo\Africa\Brazzaville
   Compressing: C:\Users\Administrator\Documents\projects\copytrades\dist\CopyTrades\_internal\tzdata\zoneinfo\Africa\Bujumbura
   Compressing: C:\Users\Administrator\Documents\projects\copytrades\dist\CopyTrades\_internal\tzdata\zoneinfo\Africa\Cairo
   Compressing: C:\Users\Administrator\Documents\projects\copytrades\dist\CopyTrades\_internal\tzdata\zoneinfo\Africa\Casablanca
   Compressing: C:\Users\Administrator\Documents\projects\copytrades\dist\CopyTrades\_internal\tzdata\zoneinfo\Africa\Ceuta
   Compressing: C:\Users\Administrator\Documents\projects\copytrades\dist\CopyTrades\_internal\tzdata\zoneinfo\Africa\Conakry
   Compressing: C:\Users\Administrator\Documents\projects\copytrades\dist\CopyTrades\_internal\tzdata\zoneinfo\Africa\Dakar
   Compressing: C:\Users\Administrator\Documents\projects\copytrades\dist\CopyTrades\_internal\tzdata\zoneinfo\Africa\Dar_es_Salaam
   Compressing: C:\Users\Administrator\Documents\projects\copytrades\dist\CopyTrades\_internal\tzdata\zoneinfo\Africa\Djibouti
   Compressing: C:\Users\Administrator\Documents\projects\copytrades\dist\CopyTrades\_internal\tzdata\zoneinfo\Africa\Douala
   Compressing: C:\Users\Administrator\Documents\projects\copytrades\dist\CopyTrades\_internal\tzdata\zoneinfo\Africa\El_Aaiun
   Compressing: C:\Users\Administrator\Documents\projects\copytrades\dist\CopyTrades\_internal\tzdata\zoneinfo\Africa\Freetown
   Compressing: C:\Users\Administrator\Documents\projects\copytrades\dist\CopyTrades\_internal\tzdata\zoneinfo\Africa\Gaborone
   Compressing: C:\Users\Administrator\Documents\projects\copytrades\dist\CopyTrades\_internal\tzdata\zoneinfo\Africa\Harare
   Compressing: C:\Users\Administrator\Documents\projects\copytrades\dist\CopyTrades\_internal\tzdata\zoneinfo\Africa\Johannesburg
   Compressing: C:\Users\Administrator\Documents\projects\copytrades\dist\CopyTrades\_internal\tzdata\zoneinfo\Africa\Juba
   Compressing: C:\Users\Administrator\Documents\projects\copytrades\dist\CopyTrades\_internal\tzdata\zoneinfo\Africa\Kampala
   Compressing: C:\Users\Administrator\Documents\projects\copytrades\dist\CopyTrades\_internal\tzdata\zoneinfo\Africa\Khartoum
   Compressing: C:\Users\Administrator\Documents\projects\copytrades\dist\CopyTrades\_internal\tzdata\zoneinfo\Africa\Kigali
   Compressing: C:\Users\Administrator\Documents\projects\copytrades\dist\CopyTrades\_internal\tzdata\zoneinfo\Africa\Kinshasa
   Compressing: C:\Users\Administrator\Documents\projects\copytrades\dist\CopyTrades\_internal\tzdata\zoneinfo\Africa\Lagos
   Compressing: C:\Users\Administrator\Documents\projects\copytrades\dist\CopyTrades\_internal\tzdata\zoneinfo\Africa\Libreville
   Compressing: C:\Users\Administrator\Documents\projects\copytrades\dist\CopyTrades\_internal\tzdata\zoneinfo\Africa\Lome
   Compressing: C:\Users\Administrator\Documents\projects\copytrades\dist\CopyTrades\_internal\tzdata\zoneinfo\Africa\Luanda
   Compressing: C:\Users\Administrator\Documents\projects\copytrades\dist\CopyTrades\_internal\tzdata\zoneinfo\Africa\Lubumbashi
   Compressing: C:\Users\Administrator\Documents\projects\copytrades\dist\CopyTrades\_internal\tzdata\zoneinfo\Africa\Lusaka
   Compressing: C:\Users\Administrator\Documents\projects\copytrades\dist\CopyTrades\_internal\tzdata\zoneinfo\Africa\Malabo
   Compressing: C:\Users\Administrator\Documents\projects\copytrades\dist\CopyTrades\_internal\tzdata\zoneinfo\Africa\Maputo
   Compressing: C:\Users\Administrator\Documents\projects\copytrades\dist\CopyTrades\_internal\tzdata\zoneinfo\Africa\Maseru
   Compressing: C:\Users\Administrator\Documents\projects\copytrades\dist\CopyTrades\_internal\tzdata\zoneinfo\Africa\Mbabane
   Compressing: C:\Users\Administrator\Documents\projects\copytrades\dist\CopyTrades\_internal\tzdata\zoneinfo\Africa\Mogadishu
   Compressing: C:\Users\Administrator\Documents\projects\copytrades\dist\CopyTrades\_internal\tzdata\zoneinfo\Africa\Monrovia
   Compressing: C:\Users\Administrator\Documents\projects\copytrades\dist\CopyTrades\_internal\tzdata\zoneinfo\Africa\Nairobi
   Compressing: C:\Users\Administrator\Documents\projects\copytrades\dist\CopyTrades\_internal\tzdata\zoneinfo\Africa\Ndjamena
   Compressing: C:\Users\Administrator\Documents\projects\copytrades\dist\CopyTrades\_internal\tzdata\zoneinfo\Africa\Niamey
   Compressing: C:\Users\Administrator\Documents\projects\copytrades\dist\CopyTrades\_internal\tzdata\zoneinfo\Africa\Nouakchott
   Compressing: C:\Users\Administrator\Documents\projects\copytrades\dist\CopyTrades\_internal\tzdata\zoneinfo\Africa\Ouagadougou
   Compressing: C:\Users\Administrator\Documents\projects\copytrades\dist\CopyTrades\_internal\tzdata\zoneinfo\Africa\Porto-Novo
   Compressing: C:\Users\Administrator\Documents\projects\copytrades\dist\CopyTrades\_internal\tzdata\zoneinfo\Africa\Sao_Tome
   Compressing: C:\Users\Administrator\Documents\projects\copytrades\dist\CopyTrades\_internal\tzdata\zoneinfo\Africa\Timbuktu
   Compressing: C:\Users\Administrator\Documents\projects\copytrades\dist\CopyTrades\_internal\tzdata\zoneinfo\Africa\Tripoli
   Compressing: C:\Users\Administrator\Documents\projects\copytrades\dist\CopyTrades\_internal\tzdata\zoneinfo\Africa\Tunis
   Compressing: C:\Users\Administrator\Documents\projects\copytrades\dist\CopyTrades\_internal\tzdata\zoneinfo\Africa\Windhoek
   Compressing: C:\Users\Administrator\Documents\projects\copytrades\dist\CopyTrades\_internal\tzdata\zoneinfo\America\Adak
   Compressing: C:\Users\Administrator\Documents\projects\copytrades\dist\CopyTrades\_internal\tzdata\zoneinfo\America\Anchorage
   Compressing: C:\Users\Administrator\Documents\projects\copytrades\dist\CopyTrades\_internal\tzdata\zoneinfo\America\Anguilla
   Compressing: C:\Users\Administrator\Documents\projects\copytrades\dist\CopyTrades\_internal\tzdata\zoneinfo\America\Antigua
   Compressing: C:\Users\Administrator\Documents\projects\copytrades\dist\CopyTrades\_internal\tzdata\zoneinfo\America\Araguaina
   Compressing: C:\Users\Administrator\Documents\projects\copytrades\dist\CopyTrades\_internal\tzdata\zoneinfo\America\Aruba
   Compressing: C:\Users\Administrator\Documents\projects\copytrades\dist\CopyTrades\_internal\tzdata\zoneinfo\America\Asuncion
   Compressing: C:\Users\Administrator\Documents\projects\copytrades\dist\CopyTrades\_internal\tzdata\zoneinfo\America\Atikokan
   Compressing: C:\Users\Administrator\Documents\projects\copytrades\dist\CopyTrades\_internal\tzdata\zoneinfo\America\Atka
   Compressing: C:\Users\Administrator\Documents\projects\copytrades\dist\CopyTrades\_internal\tzdata\zoneinfo\America\Bahia
   Compressing: C:\Users\Administrator\Documents\projects\copytrades\dist\CopyTrades\_internal\tzdata\zoneinfo\America\Bahia_Banderas
   Compressing: C:\Users\Administrator\Documents\projects\copytrades\dist\CopyTrades\_internal\tzdata\zoneinfo\America\Barbados
   Compressing: C:\Users\Administrator\Documents\projects\copytrades\dist\CopyTrades\_internal\tzdata\zoneinfo\America\Belem
   Compressing: C:\Users\Administrator\Documents\projects\copytrades\dist\CopyTrades\_internal\tzdata\zoneinfo\America\Belize
   Compressing: C:\Users\Administrator\Documents\projects\copytrades\dist\CopyTrades\_internal\tzdata\zoneinfo\America\Blanc-Sablon
   Compressing: C:\Users\Administrator\Documents\projects\copytrades\dist\CopyTrades\_internal\tzdata\zoneinfo\America\Boa_Vista
   Compressing: C:\Users\Administrator\Documents\projects\copytrades\dist\CopyTrades\_internal\tzdata\zoneinfo\America\Bogota
   Compressing: C:\Users\Administrator\Documents\projects\copytrades\dist\CopyTrades\_internal\tzdata\zoneinfo\America\Boise
   Compressing: C:\Users\Administrator\Documents\projects\copytrades\dist\CopyTrades\_internal\tzdata\zoneinfo\America\Buenos_Aires
   Compressing: C:\Users\Administrator\Documents\projects\copytrades\dist\CopyTrades\_internal\tzdata\zoneinfo\America\Cambridge_Bay
   Compressing: C:\Users\Administrator\Documents\projects\copytrades\dist\CopyTrades\_internal\tzdata\zoneinfo\America\Campo_Grande
   Compressing: C:\Users\Administrator\Documents\projects\copytrades\dist\CopyTrades\_internal\tzdata\zoneinfo\America\Cancun
   Compressing: C:\Users\Administrator\Documents\projects\copytrades\dist\CopyTrades\_internal\tzdata\zoneinfo\America\Caracas
   Compressing: C:\Users\Administrator\Documents\projects\copytrades\dist\CopyTrades\_internal\tzdata\zoneinfo\America\Catamarca
   Compressing: C:\Users\Administrator\Documents\projects\copytrades\dist\CopyTrades\_internal\tzdata\zoneinfo\America\Cayenne
   Compressing: C:\Users\Administrator\Documents\projects\copytrades\dist\CopyTrades\_internal\tzdata\zoneinfo\America\Cayman
   Compressing: C:\Users\Administrator\Documents\projects\copytrades\dist\CopyTrades\_internal\tzdata\zoneinfo\America\Chicago
   Compressing: C:\Users\Administrator\Documents\projects\copytrades\dist\CopyTrades\_internal\tzdata\zoneinfo\America\Chihuahua
   Compressing: C:\Users\Administrator\Documents\projects\copytrades\dist\CopyTrades\_internal\tzdata\zoneinfo\America\Ciudad_Juarez
   Compressing: C:\Users\Administrator\Documents\projects\copytrades\dist\CopyTrades\_internal\tzdata\zoneinfo\America\Coral_Harbour
   Compressing: C:\Users\Administrator\Documents\projects\copytrades\dist\CopyTrades\_internal\tzdata\zoneinfo\America\Cordoba
   Compressing: C:\Users\Administrator\Documents\projects\copytrades\dist\CopyTrades\_internal\tzdata\zoneinfo\America\Costa_Rica
   Compressing: C:\Users\Administrator\Documents\projects\copytrades\dist\CopyTrades\_internal\tzdata\zoneinfo\America\Coyhaique
   Compressing: C:\Users\Administrator\Documents\projects\copytrades\dist\CopyTrades\_internal\tzdata\zoneinfo\America\Creston
   Compressing: C:\Users\Administrator\Documents\projects\copytrades\dist\CopyTrades\_internal\tzdata\zoneinfo\America\Cuiaba
   Compressing: C:\Users\Administrator\Documents\projects\copytrades\dist\CopyTrades\_internal\tzdata\zoneinfo\America\Curacao
   Compressing: C:\Users\Administrator\Documents\projects\copytrades\dist\CopyTrades\_internal\tzdata\zoneinfo\America\Danmarkshavn
   Compressing: C:\Users\Administrator\Documents\projects\copytrades\dist\CopyTrades\_internal\tzdata\zoneinfo\America\Dawson
   Compressing: C:\Users\Administrator\Documents\projects\copytrades\dist\CopyTrades\_internal\tzdata\zoneinfo\America\Dawson_Creek
   Compressing: C:\Users\Administrator\Documents\projects\copytrades\dist\CopyTrades\_internal\tzdata\zoneinfo\America\Denver
   Compressing: C:\Users\Administrator\Documents\projects\copytrades\dist\CopyTrades\_internal\tzdata\zoneinfo\America\Detroit
   Compressing: C:\Users\Administrator\Documents\projects\copytrades\dist\CopyTrades\_internal\tzdata\zoneinfo\America\Dominica
   Compressing: C:\Users\Administrator\Documents\projects\copytrades\dist\CopyTrades\_internal\tzdata\zoneinfo\America\Edmonton
   Compressing: C:\Users\Administrator\Documents\projects\copytrades\dist\CopyTrades\_internal\tzdata\zoneinfo\America\Eirunepe
   Compressing: C:\Users\Administrator\Documents\projects\copytrades\dist\CopyTrades\_internal\tzdata\zoneinfo\America\El_Salvador
   Compressing: C:\Users\Administrator\Documents\projects\copytrades\dist\CopyTrades\_internal\tzdata\zoneinfo\America\Ensenada
   Compressing: C:\Users\Administrator\Documents\projects\copytrades\dist\CopyTrades\_internal\tzdata\zoneinfo\America\Fortaleza
   Compressing: C:\Users\Administrator\Documents\projects\copytrades\dist\CopyTrades\_internal\tzdata\zoneinfo\America\Fort_Nelson
   Compressing: C:\Users\Administrator\Documents\projects\copytrades\dist\CopyTrades\_internal\tzdata\zoneinfo\America\Fort_Wayne
   Compressing: C:\Users\Administrator\Documents\projects\copytrades\dist\CopyTrades\_internal\tzdata\zoneinfo\America\Glace_Bay
   Compressing: C:\Users\Administrator\Documents\projects\copytrades\dist\CopyTrades\_internal\tzdata\zoneinfo\America\Godthab
   Compressing: C:\Users\Administrator\Documents\projects\copytrades\dist\CopyTrades\_internal\tzdata\zoneinfo\America\Goose_Bay
   Compressing: C:\Users\Administrator\Documents\projects\copytrades\dist\CopyTrades\_internal\tzdata\zoneinfo\America\Grand_Turk
   Compressing: C:\Users\Administrator\Documents\projects\copytrades\dist\CopyTrades\_internal\tzdata\zoneinfo\America\Grenada
   Compressing: C:\Users\Administrator\Documents\projects\copytrades\dist\CopyTrades\_internal\tzdata\zoneinfo\America\Guadeloupe
   Compressing: C:\Users\Administrator\Documents\projects\copytrades\dist\CopyTrades\_internal\tzdata\zoneinfo\America\Guatemala
   Compressing: C:\Users\Administrator\Documents\projects\copytrades\dist\CopyTrades\_internal\tzdata\zoneinfo\America\Guayaquil
   Compressing: C:\Users\Administrator\Documents\projects\copytrades\dist\CopyTrades\_internal\tzdata\zoneinfo\America\Guyana
   Compressing: C:\Users\Administrator\Documents\projects\copytrades\dist\CopyTrades\_internal\tzdata\zoneinfo\America\Halifax
   Compressing: C:\Users\Administrator\Documents\projects\copytrades\dist\CopyTrades\_internal\tzdata\zoneinfo\America\Havana
   Compressing: C:\Users\Administrator\Documents\projects\copytrades\dist\CopyTrades\_internal\tzdata\zoneinfo\America\Hermosillo
   Compressing: C:\Users\Administrator\Documents\projects\copytrades\dist\CopyTrades\_internal\tzdata\zoneinfo\America\Indianapolis
   Compressing: C:\Users\Administrator\Documents\projects\copytrades\dist\CopyTrades\_internal\tzdata\zoneinfo\America\Inuvik
   Compressing: C:\Users\Administrator\Documents\projects\copytrades\dist\CopyTrades\_internal\tzdata\zoneinfo\America\Iqaluit
   Compressing: C:\Users\Administrator\Documents\projects\copytrades\dist\CopyTrades\_internal\tzdata\zoneinfo\America\Jamaica
   Compressing: C:\Users\Administrator\Documents\projects\copytrades\dist\CopyTrades\_internal\tzdata\zoneinfo\America\Jujuy
   Compressing: C:\Users\Administrator\Documents\projects\copytrades\dist\CopyTrades\_internal\tzdata\zoneinfo\America\Juneau
   Compressing: C:\Users\Administrator\Documents\projects\copytrades\dist\CopyTrades\_internal\tzdata\zoneinfo\America\Knox_IN
   Compressing: C:\Users\Administrator\Documents\projects\copytrades\dist\CopyTrades\_internal\tzdata\zoneinfo\America\Kralendijk
   Compressing: C:\Users\Administrator\Documents\projects\copytrades\dist\CopyTrades\_internal\tzdata\zoneinfo\America\La_Paz
   Compressing: C:\Users\Administrator\Documents\projects\copytrades\dist\CopyTrades\_internal\tzdata\zoneinfo\America\Lima
   Compressing: C:\Users\Administrator\Documents\projects\copytrades\dist\CopyTrades\_internal\tzdata\zoneinfo\America\Los_Angeles
   Compressing: C:\Users\Administrator\Documents\projects\copytrades\dist\CopyTrades\_internal\tzdata\zoneinfo\America\Louisville
   Compressing: C:\Users\Administrator\Documents\projects\copytrades\dist\CopyTrades\_internal\tzdata\zoneinfo\America\Lower_Princes
   Compressing: C:\Users\Administrator\Documents\projects\copytrades\dist\CopyTrades\_internal\tzdata\zoneinfo\America\Maceio
   Compressing: C:\Users\Administrator\Documents\projects\copytrades\dist\CopyTrades\_internal\tzdata\zoneinfo\America\Managua
   Compressing: C:\Users\Administrator\Documents\projects\copytrades\dist\CopyTrades\_internal\tzdata\zoneinfo\America\Manaus
   Compressing: C:\Users\Administrator\Documents\projects\copytrades\dist\CopyTrades\_internal\tzdata\zoneinfo\America\Marigot
   Compressing: C:\Users\Administrator\Documents\projects\copytrades\dist\CopyTrades\_internal\tzdata\zoneinfo\America\Martinique
   Compressing: C:\Users\Administrator\Documents\projects\copytrades\dist\CopyTrades\_internal\tzdata\zoneinfo\America\Matamoros
   Compressing: C:\Users\Administrator\Documents\projects\copytrades\dist\CopyTrades\_internal\tzdata\zoneinfo\America\Mazatlan
   Compressing: C:\Users\Administrator\Documents\projects\copytrades\dist\CopyTrades\_internal\tzdata\zoneinfo\America\Mendoza
   Compressing: C:\Users\Administrator\Documents\projects\copytrades\dist\CopyTrades\_internal\tzdata\zoneinfo\America\Menominee
   Compressing: C:\Users\Administrator\Documents\projects\copytrades\dist\CopyTrades\_internal\tzdata\zoneinfo\America\Merida
   Compressing: C:\Users\Administrator\Documents\projects\copytrades\dist\CopyTrades\_internal\tzdata\zoneinfo\America\Metlakatla
   Compressing: C:\Users\Administrator\Documents\projects\copytrades\dist\CopyTrades\_internal\tzdata\zoneinfo\America\Mexico_City
   Compressing: C:\Users\Administrator\Documents\projects\copytrades\dist\CopyTrades\_internal\tzdata\zoneinfo\America\Miquelon
   Compressing: C:\Users\Administrator\Documents\projects\copytrades\dist\CopyTrades\_internal\tzdata\zoneinfo\America\Moncton
   Compressing: C:\Users\Administrator\Documents\projects\copytrades\dist\CopyTrades\_internal\tzdata\zoneinfo\America\Monterrey
   Compressing: C:\Users\Administrator\Documents\projects\copytrades\dist\CopyTrades\_internal\tzdata\zoneinfo\America\Montevideo
   Compressing: C:\Users\Administrator\Documents\projects\copytrades\dist\CopyTrades\_internal\tzdata\zoneinfo\America\Montreal
   Compressing: C:\Users\Administrator\Documents\projects\copytrades\dist\CopyTrades\_internal\tzdata\zoneinfo\America\Montserrat
   Compressing: C:\Users\Administrator\Documents\projects\copytrades\dist\CopyTrades\_internal\tzdata\zoneinfo\America\Nassau
   Compressing: C:\Users\Administrator\Documents\projects\copytrades\dist\CopyTrades\_internal\tzdata\zoneinfo\America\New_York
   Compressing: C:\Users\Administrator\Documents\projects\copytrades\dist\CopyTrades\_internal\tzdata\zoneinfo\America\Nipigon
   Compressing: C:\Users\Administrator\Documents\projects\copytrades\dist\CopyTrades\_internal\tzdata\zoneinfo\America\Nome
   Compressing: C:\Users\Administrator\Documents\projects\copytrades\dist\CopyTrades\_internal\tzdata\zoneinfo\America\Noronha
   Compressing: C:\Users\Administrator\Documents\projects\copytrades\dist\CopyTrades\_internal\tzdata\zoneinfo\America\Nuuk
   Compressing: C:\Users\Administrator\Documents\projects\copytrades\dist\CopyTrades\_internal\tzdata\zoneinfo\America\Ojinaga
   Compressing: C:\Users\Administrator\Documents\projects\copytrades\dist\CopyTrades\_internal\tzdata\zoneinfo\America\Panama
   Compressing: C:\Users\Administrator\Documents\projects\copytrades\dist\CopyTrades\_internal\tzdata\zoneinfo\America\Pangnirtung
   Compressing: C:\Users\Administrator\Documents\projects\copytrades\dist\CopyTrades\_internal\tzdata\zoneinfo\America\Paramaribo
   Compressing: C:\Users\Administrator\Documents\projects\copytrades\dist\CopyTrades\_internal\tzdata\zoneinfo\America\Phoenix
   Compressing: C:\Users\Administrator\Documents\projects\copytrades\dist\CopyTrades\_internal\tzdata\zoneinfo\America\Port-au-Prince
   Compressing: C:\Users\Administrator\Documents\projects\copytrades\dist\CopyTrades\_internal\tzdata\zoneinfo\America\Porto_Acre
   Compressing: C:\Users\Administrator\Documents\projects\copytrades\dist\CopyTrades\_internal\tzdata\zoneinfo\America\Porto_Velho
   Compressing: C:\Users\Administrator\Documents\projects\copytrades\dist\CopyTrades\_internal\tzdata\zoneinfo\America\Port_of_Spain
   Compressing: C:\Users\Administrator\Documents\projects\copytrades\dist\CopyTrades\_internal\tzdata\zoneinfo\America\Puerto_Rico
   Compressing: C:\Users\Administrator\Documents\projects\copytrades\dist\CopyTrades\_internal\tzdata\zoneinfo\America\Punta_Arenas
   Compressing: C:\Users\Administrator\Documents\projects\copytrades\dist\CopyTrades\_internal\tzdata\zoneinfo\America\Rainy_River
   Compressing: C:\Users\Administrator\Documents\projects\copytrades\dist\CopyTrades\_internal\tzdata\zoneinfo\America\Rankin_Inlet
   Compressing: C:\Users\Administrator\Documents\projects\copytrades\dist\CopyTrades\_internal\tzdata\zoneinfo\America\Recife
   Compressing: C:\Users\Administrator\Documents\projects\copytrades\dist\CopyTrades\_internal\tzdata\zoneinfo\America\Regina
   Compressing: C:\Users\Administrator\Documents\projects\copytrades\dist\CopyTrades\_internal\tzdata\zoneinfo\America\Resolute
   Compressing: C:\Users\Administrator\Documents\projects\copytrades\dist\CopyTrades\_internal\tzdata\zoneinfo\America\Rio_Branco
   Compressing: C:\Users\Administrator\Documents\projects\copytrades\dist\CopyTrades\_internal\tzdata\zoneinfo\America\Rosario
   Compressing: C:\Users\Administrator\Documents\projects\copytrades\dist\CopyTrades\_internal\tzdata\zoneinfo\America\Santarem
   Compressing: C:\Users\Administrator\Documents\projects\copytrades\dist\CopyTrades\_internal\tzdata\zoneinfo\America\Santa_Isabel
   Compressing: C:\Users\Administrator\Documents\projects\copytrades\dist\CopyTrades\_internal\tzdata\zoneinfo\America\Santiago
   Compressing: C:\Users\Administrator\Documents\projects\copytrades\dist\CopyTrades\_internal\tzdata\zoneinfo\America\Santo_Domingo
   Compressing: C:\Users\Administrator\Documents\projects\copytrades\dist\CopyTrades\_internal\tzdata\zoneinfo\America\Sao_Paulo
   Compressing: C:\Users\Administrator\Documents\projects\copytrades\dist\CopyTrades\_internal\tzdata\zoneinfo\America\Scoresbysund
   Compressing: C:\Users\Administrator\Documents\projects\copytrades\dist\CopyTrades\_internal\tzdata\zoneinfo\America\Shiprock
   Compressing: C:\Users\Administrator\Documents\projects\copytrades\dist\CopyTrades\_internal\tzdata\zoneinfo\America\Sitka
   Compressing: C:\Users\Administrator\Documents\projects\copytrades\dist\CopyTrades\_internal\tzdata\zoneinfo\America\St_Barthelemy
   Compressing: C:\Users\Administrator\Documents\projects\copytrades\dist\CopyTrades\_internal\tzdata\zoneinfo\America\St_Johns
   Compressing: C:\Users\Administrator\Documents\projects\copytrades\dist\CopyTrades\_internal\tzdata\zoneinfo\America\St_Kitts
   Compressing: C:\Users\Administrator\Documents\projects\copytrades\dist\CopyTrades\_internal\tzdata\zoneinfo\America\St_Lucia
   Compressing: C:\Users\Administrator\Documents\projects\copytrades\dist\CopyTrades\_internal\tzdata\zoneinfo\America\St_Thomas
   Compressing: C:\Users\Administrator\Documents\projects\copytrades\dist\CopyTrades\_internal\tzdata\zoneinfo\America\St_Vincent
   Compressing: C:\Users\Administrator\Documents\projects\copytrades\dist\CopyTrades\_internal\tzdata\zoneinfo\America\Swift_Current
   Compressing: C:\Users\Administrator\Documents\projects\copytrades\dist\CopyTrades\_internal\tzdata\zoneinfo\America\Tegucigalpa
   Compressing: C:\Users\Administrator\Documents\projects\copytrades\dist\CopyTrades\_internal\tzdata\zoneinfo\America\Thule
   Compressing: C:\Users\Administrator\Documents\projects\copytrades\dist\CopyTrades\_internal\tzdata\zoneinfo\America\Thunder_Bay
   Compressing: C:\Users\Administrator\Documents\projects\copytrades\dist\CopyTrades\_internal\tzdata\zoneinfo\America\Tijuana
   Compressing: C:\Users\Administrator\Documents\projects\copytrades\dist\CopyTrades\_internal\tzdata\zoneinfo\America\Toronto
   Compressing: C:\Users\Administrator\Documents\projects\copytrades\dist\CopyTrades\_internal\tzdata\zoneinfo\America\Tortola
   Compressing: C:\Users\Administrator\Documents\projects\copytrades\dist\CopyTrades\_internal\tzdata\zoneinfo\America\Vancouver
   Compressing: C:\Users\Administrator\Documents\projects\copytrades\dist\CopyTrades\_internal\tzdata\zoneinfo\America\Virgin
   Compressing: C:\Users\Administrator\Documents\projects\copytrades\dist\CopyTrades\_internal\tzdata\zoneinfo\America\Whitehorse
   Compressing: C:\Users\Administrator\Documents\projects\copytrades\dist\CopyTrades\_internal\tzdata\zoneinfo\America\Winnipeg
   Compressing: C:\Users\Administrator\Documents\projects\copytrades\dist\CopyTrades\_internal\tzdata\zoneinfo\America\Yakutat
   Compressing: C:\Users\Administrator\Documents\projects\copytrades\dist\CopyTrades\_internal\tzdata\zoneinfo\America\Yellowknife
   Compressing: C:\Users\Administrator\Documents\projects\copytrades\dist\CopyTrades\_internal\tzdata\zoneinfo\America\Argentina\Buenos_Aires
   Compressing: C:\Users\Administrator\Documents\projects\copytrades\dist\CopyTrades\_internal\tzdata\zoneinfo\America\Argentina\Catamarca
   Compressing: C:\Users\Administrator\Documents\projects\copytrades\dist\CopyTrades\_internal\tzdata\zoneinfo\America\Argentina\ComodRivadavia
   Compressing: C:\Users\Administrator\Documents\projects\copytrades\dist\CopyTrades\_internal\tzdata\zoneinfo\America\Argentina\Cordoba
   Compressing: C:\Users\Administrator\Documents\projects\copytrades\dist\CopyTrades\_internal\tzdata\zoneinfo\America\Argentina\Jujuy
   Compressing: C:\Users\Administrator\Documents\projects\copytrades\dist\CopyTrades\_internal\tzdata\zoneinfo\America\Argentina\La_Rioja
   Compressing: C:\Users\Administrator\Documents\projects\copytrades\dist\CopyTrades\_internal\tzdata\zoneinfo\America\Argentina\Mendoza
   Compressing: C:\Users\Administrator\Documents\projects\copytrades\dist\CopyTrades\_internal\tzdata\zoneinfo\America\Argentina\Rio_Gallegos
   Compressing: C:\Users\Administrator\Documents\projects\copytrades\dist\CopyTrades\_internal\tzdata\zoneinfo\America\Argentina\Salta
   Compressing: C:\Users\Administrator\Documents\projects\copytrades\dist\CopyTrades\_internal\tzdata\zoneinfo\America\Argentina\San_Juan
   Compressing: C:\Users\Administrator\Documents\projects\copytrades\dist\CopyTrades\_internal\tzdata\zoneinfo\America\Argentina\San_Luis
   Compressing: C:\Users\Administrator\Documents\projects\copytrades\dist\CopyTrades\_internal\tzdata\zoneinfo\America\Argentina\Tucuman
   Compressing: C:\Users\Administrator\Documents\projects\copytrades\dist\CopyTrades\_internal\tzdata\zoneinfo\America\Argentina\Ushuaia
   Compressing: C:\Users\Administrator\Documents\projects\copytrades\dist\CopyTrades\_internal\tzdata\zoneinfo\America\Indiana\Indianapolis
   Compressing: C:\Users\Administrator\Documents\projects\copytrades\dist\CopyTrades\_internal\tzdata\zoneinfo\America\Indiana\Knox
   Compressing: C:\Users\Administrator\Documents\projects\copytrades\dist\CopyTrades\_internal\tzdata\zoneinfo\America\Indiana\Marengo
   Compressing: C:\Users\Administrator\Documents\projects\copytrades\dist\CopyTrades\_internal\tzdata\zoneinfo\America\Indiana\Petersburg
   Compressing: C:\Users\Administrator\Documents\projects\copytrades\dist\CopyTrades\_internal\tzdata\zoneinfo\America\Indiana\Tell_City
   Compressing: C:\Users\Administrator\Documents\projects\copytrades\dist\CopyTrades\_internal\tzdata\zoneinfo\America\Indiana\Vevay
   Compressing: C:\Users\Administrator\Documents\projects\copytrades\dist\CopyTrades\_internal\tzdata\zoneinfo\America\Indiana\Vincennes
   Compressing: C:\Users\Administrator\Documents\projects\copytrades\dist\CopyTrades\_internal\tzdata\zoneinfo\America\Indiana\Winamac
   Compressing: C:\Users\Administrator\Documents\projects\copytrades\dist\CopyTrades\_internal\tzdata\zoneinfo\America\Kentucky\Louisville
   Compressing: C:\Users\Administrator\Documents\projects\copytrades\dist\CopyTrades\_internal\tzdata\zoneinfo\America\Kentucky\Monticello
   Compressing: C:\Users\Administrator\Documents\projects\copytrades\dist\CopyTrades\_internal\tzdata\zoneinfo\America\North_Dakota\Beulah
   Compressing: C:\Users\Administrator\Documents\projects\copytrades\dist\CopyTrades\_internal\tzdata\zoneinfo\America\North_Dakota\Center
   Compressing: C:\Users\Administrator\Documents\projects\copytrades\dist\CopyTrades\_internal\tzdata\zoneinfo\America\North_Dakota\New_Salem
   Compressing: C:\Users\Administrator\Documents\projects\copytrades\dist\CopyTrades\_internal\tzdata\zoneinfo\Antarctica\Casey
   Compressing: C:\Users\Administrator\Documents\projects\copytrades\dist\CopyTrades\_internal\tzdata\zoneinfo\Antarctica\Davis
   Compressing: C:\Users\Administrator\Documents\projects\copytrades\dist\CopyTrades\_internal\tzdata\zoneinfo\Antarctica\DumontDUrville
   Compressing: C:\Users\Administrator\Documents\projects\copytrades\dist\CopyTrades\_internal\tzdata\zoneinfo\Antarctica\Macquarie
   Compressing: C:\Users\Administrator\Documents\projects\copytrades\dist\CopyTrades\_internal\tzdata\zoneinfo\Antarctica\Mawson
   Compressing: C:\Users\Administrator\Documents\projects\copytrades\dist\CopyTrades\_internal\tzdata\zoneinfo\Antarctica\McMurdo
   Compressing: C:\Users\Administrator\Documents\projects\copytrades\dist\CopyTrades\_internal\tzdata\zoneinfo\Antarctica\Palmer
   Compressing: C:\Users\Administrator\Documents\projects\copytrades\dist\CopyTrades\_internal\tzdata\zoneinfo\Antarctica\Rothera
   Compressing: C:\Users\Administrator\Documents\projects\copytrades\dist\CopyTrades\_internal\tzdata\zoneinfo\Antarctica\South_Pole
   Compressing: C:\Users\Administrator\Documents\projects\copytrades\dist\CopyTrades\_internal\tzdata\zoneinfo\Antarctica\Syowa
   Compressing: C:\Users\Administrator\Documents\projects\copytrades\dist\CopyTrades\_internal\tzdata\zoneinfo\Antarctica\Troll
   Compressing: C:\Users\Administrator\Documents\projects\copytrades\dist\CopyTrades\_internal\tzdata\zoneinfo\Antarctica\Vostok
   Compressing: C:\Users\Administrator\Documents\projects\copytrades\dist\CopyTrades\_internal\tzdata\zoneinfo\Arctic\Longyearbyen
   Compressing: C:\Users\Administrator\Documents\projects\copytrades\dist\CopyTrades\_internal\tzdata\zoneinfo\Asia\Aden
   Compressing: C:\Users\Administrator\Documents\projects\copytrades\dist\CopyTrades\_internal\tzdata\zoneinfo\Asia\Almaty
   Compressing: C:\Users\Administrator\Documents\projects\copytrades\dist\CopyTrades\_internal\tzdata\zoneinfo\Asia\Amman
   Compressing: C:\Users\Administrator\Documents\projects\copytrades\dist\CopyTrades\_internal\tzdata\zoneinfo\Asia\Anadyr
   Compressing: C:\Users\Administrator\Documents\projects\copytrades\dist\CopyTrades\_internal\tzdata\zoneinfo\Asia\Aqtau
   Compressing: C:\Users\Administrator\Documents\projects\copytrades\dist\CopyTrades\_internal\tzdata\zoneinfo\Asia\Aqtobe
   Compressing: C:\Users\Administrator\Documents\projects\copytrades\dist\CopyTrades\_internal\tzdata\zoneinfo\Asia\Ashgabat
   Compressing: C:\Users\Administrator\Documents\projects\copytrades\dist\CopyTrades\_internal\tzdata\zoneinfo\Asia\Ashkhabad
   Compressing: C:\Users\Administrator\Documents\projects\copytrades\dist\CopyTrades\_internal\tzdata\zoneinfo\Asia\Atyrau
   Compressing: C:\Users\Administrator\Documents\projects\copytrades\dist\CopyTrades\_internal\tzdata\zoneinfo\Asia\Baghdad
   Compressing: C:\Users\Administrator\Documents\projects\copytrades\dist\CopyTrades\_internal\tzdata\zoneinfo\Asia\Bahrain
   Compressing: C:\Users\Administrator\Documents\projects\copytrades\dist\CopyTrades\_internal\tzdata\zoneinfo\Asia\Baku
   Compressing: C:\Users\Administrator\Documents\projects\copytrades\dist\CopyTrades\_internal\tzdata\zoneinfo\Asia\Bangkok
   Compressing: C:\Users\Administrator\Documents\projects\copytrades\dist\CopyTrades\_internal\tzdata\zoneinfo\Asia\Barnaul
   Compressing: C:\Users\Administrator\Documents\projects\copytrades\dist\CopyTrades\_internal\tzdata\zoneinfo\Asia\Beirut
   Compressing: C:\Users\Administrator\Documents\projects\copytrades\dist\CopyTrades\_internal\tzdata\zoneinfo\Asia\Bishkek
   Compressing: C:\Users\Administrator\Documents\projects\copytrades\dist\CopyTrades\_internal\tzdata\zoneinfo\Asia\Brunei
   Compressing: C:\Users\Administrator\Documents\projects\copytrades\dist\CopyTrades\_internal\tzdata\zoneinfo\Asia\Calcutta
   Compressing: C:\Users\Administrator\Documents\projects\copytrades\dist\CopyTrades\_internal\tzdata\zoneinfo\Asia\Chita
   Compressing: C:\Users\Administrator\Documents\projects\copytrades\dist\CopyTrades\_internal\tzdata\zoneinfo\Asia\Choibalsan
   Compressing: C:\Users\Administrator\Documents\projects\copytrades\dist\CopyTrades\_internal\tzdata\zoneinfo\Asia\Chongqing
   Compressing: C:\Users\Administrator\Documents\projects\copytrades\dist\CopyTrades\_internal\tzdata\zoneinfo\Asia\Chungking
   Compressing: C:\Users\Administrator\Documents\projects\copytrades\dist\CopyTrades\_internal\tzdata\zoneinfo\Asia\Colombo
   Compressing: C:\Users\Administrator\Documents\projects\copytrades\dist\CopyTrades\_internal\tzdata\zoneinfo\Asia\Dacca
   Compressing: C:\Users\Administrator\Documents\projects\copytrades\dist\CopyTrades\_internal\tzdata\zoneinfo\Asia\Damascus
   Compressing: C:\Users\Administrator\Documents\projects\copytrades\dist\CopyTrades\_internal\tzdata\zoneinfo\Asia\Dhaka
   Compressing: C:\Users\Administrator\Documents\projects\copytrades\dist\CopyTrades\_internal\tzdata\zoneinfo\Asia\Dili
   Compressing: C:\Users\Administrator\Documents\projects\copytrades\dist\CopyTrades\_internal\tzdata\zoneinfo\Asia\Dubai
   Compressing: C:\Users\Administrator\Documents\projects\copytrades\dist\CopyTrades\_internal\tzdata\zoneinfo\Asia\Dushanbe
   Compressing: C:\Users\Administrator\Documents\projects\copytrades\dist\CopyTrades\_internal\tzdata\zoneinfo\Asia\Famagusta
   Compressing: C:\Users\Administrator\Documents\projects\copytrades\dist\CopyTrades\_internal\tzdata\zoneinfo\Asia\Gaza
   Compressing: C:\Users\Administrator\Documents\projects\copytrades\dist\CopyTrades\_internal\tzdata\zoneinfo\Asia\Harbin
   Compressing: C:\Users\Administrator\Documents\projects\copytrades\dist\CopyTrades\_internal\tzdata\zoneinfo\Asia\Hebron
   Compressing: C:\Users\Administrator\Documents\projects\copytrades\dist\CopyTrades\_internal\tzdata\zoneinfo\Asia\Hong_Kong
   Compressing: C:\Users\Administrator\Documents\projects\copytrades\dist\CopyTrades\_internal\tzdata\zoneinfo\Asia\Hovd
   Compressing: C:\Users\Administrator\Documents\projects\copytrades\dist\CopyTrades\_internal\tzdata\zoneinfo\Asia\Ho_Chi_Minh
   Compressing: C:\Users\Administrator\Documents\projects\copytrades\dist\CopyTrades\_internal\tzdata\zoneinfo\Asia\Irkutsk
   Compressing: C:\Users\Administrator\Documents\projects\copytrades\dist\CopyTrades\_internal\tzdata\zoneinfo\Asia\Istanbul
   Compressing: C:\Users\Administrator\Documents\projects\copytrades\dist\CopyTrades\_internal\tzdata\zoneinfo\Asia\Jakarta
   Compressing: C:\Users\Administrator\Documents\projects\copytrades\dist\CopyTrades\_internal\tzdata\zoneinfo\Asia\Jayapura
   Compressing: C:\Users\Administrator\Documents\projects\copytrades\dist\CopyTrades\_internal\tzdata\zoneinfo\Asia\Jerusalem
   Compressing: C:\Users\Administrator\Documents\projects\copytrades\dist\CopyTrades\_internal\tzdata\zoneinfo\Asia\Kabul
   Compressing: C:\Users\Administrator\Documents\projects\copytrades\dist\CopyTrades\_internal\tzdata\zoneinfo\Asia\Kamchatka
   Compressing: C:\Users\Administrator\Documents\projects\copytrades\dist\CopyTrades\_internal\tzdata\zoneinfo\Asia\Karachi
   Compressing: C:\Users\Administrator\Documents\projects\copytrades\dist\CopyTrades\_internal\tzdata\zoneinfo\Asia\Kashgar
   Compressing: C:\Users\Administrator\Documents\projects\copytrades\dist\CopyTrades\_internal\tzdata\zoneinfo\Asia\Kathmandu
   Compressing: C:\Users\Administrator\Documents\projects\copytrades\dist\CopyTrades\_internal\tzdata\zoneinfo\Asia\Katmandu
   Compressing: C:\Users\Administrator\Documents\projects\copytrades\dist\CopyTrades\_internal\tzdata\zoneinfo\Asia\Khandyga
   Compressing: C:\Users\Administrator\Documents\projects\copytrades\dist\CopyTrades\_internal\tzdata\zoneinfo\Asia\Kolkata
   Compressing: C:\Users\Administrator\Documents\projects\copytrades\dist\CopyTrades\_internal\tzdata\zoneinfo\Asia\Krasnoyarsk
   Compressing: C:\Users\Administrator\Documents\projects\copytrades\dist\CopyTrades\_internal\tzdata\zoneinfo\Asia\Kuala_Lumpur
   Compressing: C:\Users\Administrator\Documents\projects\copytrades\dist\CopyTrades\_internal\tzdata\zoneinfo\Asia\Kuching
   Compressing: C:\Users\Administrator\Documents\projects\copytrades\dist\CopyTrades\_internal\tzdata\zoneinfo\Asia\Kuwait
   Compressing: C:\Users\Administrator\Documents\projects\copytrades\dist\CopyTrades\_internal\tzdata\zoneinfo\Asia\Macao
   Compressing: C:\Users\Administrator\Documents\projects\copytrades\dist\CopyTrades\_internal\tzdata\zoneinfo\Asia\Macau
   Compressing: C:\Users\Administrator\Documents\projects\copytrades\dist\CopyTrades\_internal\tzdata\zoneinfo\Asia\Magadan
   Compressing: C:\Users\Administrator\Documents\projects\copytrades\dist\CopyTrades\_internal\tzdata\zoneinfo\Asia\Makassar
   Compressing: C:\Users\Administrator\Documents\projects\copytrades\dist\CopyTrades\_internal\tzdata\zoneinfo\Asia\Manila
   Compressing: C:\Users\Administrator\Documents\projects\copytrades\dist\CopyTrades\_internal\tzdata\zoneinfo\Asia\Muscat
   Compressing: C:\Users\Administrator\Documents\projects\copytrades\dist\CopyTrades\_internal\tzdata\zoneinfo\Asia\Nicosia
   Compressing: C:\Users\Administrator\Documents\projects\copytrades\dist\CopyTrades\_internal\tzdata\zoneinfo\Asia\Novokuznetsk
   Compressing: C:\Users\Administrator\Documents\projects\copytrades\dist\CopyTrades\_internal\tzdata\zoneinfo\Asia\Novosibirsk
   Compressing: C:\Users\Administrator\Documents\projects\copytrades\dist\CopyTrades\_internal\tzdata\zoneinfo\Asia\Omsk
   Compressing: C:\Users\Administrator\Documents\projects\copytrades\dist\CopyTrades\_internal\tzdata\zoneinfo\Asia\Oral
   Compressing: C:\Users\Administrator\Documents\projects\copytrades\dist\CopyTrades\_internal\tzdata\zoneinfo\Asia\Phnom_Penh
   Compressing: C:\Users\Administrator\Documents\projects\copytrades\dist\CopyTrades\_internal\tzdata\zoneinfo\Asia\Pontianak
   Compressing: C:\Users\Administrator\Documents\projects\copytrades\dist\CopyTrades\_internal\tzdata\zoneinfo\Asia\Pyongyang
   Compressing: C:\Users\Administrator\Documents\projects\copytrades\dist\CopyTrades\_internal\tzdata\zoneinfo\Asia\Qatar
   Compressing: C:\Users\Administrator\Documents\projects\copytrades\dist\CopyTrades\_internal\tzdata\zoneinfo\Asia\Qostanay
   Compressing: C:\Users\Administrator\Documents\projects\copytrades\dist\CopyTrades\_internal\tzdata\zoneinfo\Asia\Qyzylorda
   Compressing: C:\Users\Administrator\Documents\projects\copytrades\dist\CopyTrades\_internal\tzdata\zoneinfo\Asia\Rangoon
   Compressing: C:\Users\Administrator\Documents\projects\copytrades\dist\CopyTrades\_internal\tzdata\zoneinfo\Asia\Riyadh
   Compressing: C:\Users\Administrator\Documents\projects\copytrades\dist\CopyTrades\_internal\tzdata\zoneinfo\Asia\Saigon
   Compressing: C:\Users\Administrator\Documents\projects\copytrades\dist\CopyTrades\_internal\tzdata\zoneinfo\Asia\Sakhalin
   Compressing: C:\Users\Administrator\Documents\projects\copytrades\dist\CopyTrades\_internal\tzdata\zoneinfo\Asia\Samarkand
   Compressing: C:\Users\Administrator\Documents\projects\copytrades\dist\CopyTrades\_internal\tzdata\zoneinfo\Asia\Seoul
   Compressing: C:\Users\Administrator\Documents\projects\copytrades\dist\CopyTrades\_internal\tzdata\zoneinfo\Asia\Shanghai
   Compressing: C:\Users\Administrator\Documents\projects\copytrades\dist\CopyTrades\_internal\tzdata\zoneinfo\Asia\Singapore
   Compressing: C:\Users\Administrator\Documents\projects\copytrades\dist\CopyTrades\_internal\tzdata\zoneinfo\Asia\Srednekolymsk
   Compressing: C:\Users\Administrator\Documents\projects\copytrades\dist\CopyTrades\_internal\tzdata\zoneinfo\Asia\Taipei
   Compressing: C:\Users\Administrator\Documents\projects\copytrades\dist\CopyTrades\_internal\tzdata\zoneinfo\Asia\Tashkent
   Compressing: C:\Users\Administrator\Documents\projects\copytrades\dist\CopyTrades\_internal\tzdata\zoneinfo\Asia\Tbilisi
   Compressing: C:\Users\Administrator\Documents\projects\copytrades\dist\CopyTrades\_internal\tzdata\zoneinfo\Asia\Tehran
   Compressing: C:\Users\Administrator\Documents\projects\copytrades\dist\CopyTrades\_internal\tzdata\zoneinfo\Asia\Tel_Aviv
   Compressing: C:\Users\Administrator\Documents\projects\copytrades\dist\CopyTrades\_internal\tzdata\zoneinfo\Asia\Thimbu
   Compressing: C:\Users\Administrator\Documents\projects\copytrades\dist\CopyTrades\_internal\tzdata\zoneinfo\Asia\Thimphu
   Compressing: C:\Users\Administrator\Documents\projects\copytrades\dist\CopyTrades\_internal\tzdata\zoneinfo\Asia\Tokyo
   Compressing: C:\Users\Administrator\Documents\projects\copytrades\dist\CopyTrades\_internal\tzdata\zoneinfo\Asia\Tomsk
   Compressing: C:\Users\Administrator\Documents\projects\copytrades\dist\CopyTrades\_internal\tzdata\zoneinfo\Asia\Ujung_Pandang
   Compressing: C:\Users\Administrator\Documents\projects\copytrades\dist\CopyTrades\_internal\tzdata\zoneinfo\Asia\Ulaanbaatar
   Compressing: C:\Users\Administrator\Documents\projects\copytrades\dist\CopyTrades\_internal\tzdata\zoneinfo\Asia\Ulan_Bator
   Compressing: C:\Users\Administrator\Documents\projects\copytrades\dist\CopyTrades\_internal\tzdata\zoneinfo\Asia\Urumqi
   Compressing: C:\Users\Administrator\Documents\projects\copytrades\dist\CopyTrades\_internal\tzdata\zoneinfo\Asia\Ust-Nera
   Compressing: C:\Users\Administrator\Documents\projects\copytrades\dist\CopyTrades\_internal\tzdata\zoneinfo\Asia\Vientiane
   Compressing: C:\Users\Administrator\Documents\projects\copytrades\dist\CopyTrades\_internal\tzdata\zoneinfo\Asia\Vladivostok
   Compressing: C:\Users\Administrator\Documents\projects\copytrades\dist\CopyTrades\_internal\tzdata\zoneinfo\Asia\Yakutsk
   Compressing: C:\Users\Administrator\Documents\projects\copytrades\dist\CopyTrades\_internal\tzdata\zoneinfo\Asia\Yangon
   Compressing: C:\Users\Administrator\Documents\projects\copytrades\dist\CopyTrades\_internal\tzdata\zoneinfo\Asia\Yekaterinburg
   Compressing: C:\Users\Administrator\Documents\projects\copytrades\dist\CopyTrades\_internal\tzdata\zoneinfo\Asia\Yerevan
   Compressing: C:\Users\Administrator\Documents\projects\copytrades\dist\CopyTrades\_internal\tzdata\zoneinfo\Atlantic\Azores
   Compressing: C:\Users\Administrator\Documents\projects\copytrades\dist\CopyTrades\_internal\tzdata\zoneinfo\Atlantic\Bermuda
   Compressing: C:\Users\Administrator\Documents\projects\copytrades\dist\CopyTrades\_internal\tzdata\zoneinfo\Atlantic\Canary
   Compressing: C:\Users\Administrator\Documents\projects\copytrades\dist\CopyTrades\_internal\tzdata\zoneinfo\Atlantic\Cape_Verde
   Compressing: C:\Users\Administrator\Documents\projects\copytrades\dist\CopyTrades\_internal\tzdata\zoneinfo\Atlantic\Faeroe
   Compressing: C:\Users\Administrator\Documents\projects\copytrades\dist\CopyTrades\_internal\tzdata\zoneinfo\Atlantic\Faroe
   Compressing: C:\Users\Administrator\Documents\projects\copytrades\dist\CopyTrades\_internal\tzdata\zoneinfo\Atlantic\Jan_Mayen
   Compressing: C:\Users\Administrator\Documents\projects\copytrades\dist\CopyTrades\_internal\tzdata\zoneinfo\Atlantic\Madeira
   Compressing: C:\Users\Administrator\Documents\projects\copytrades\dist\CopyTrades\_internal\tzdata\zoneinfo\Atlantic\Reykjavik
   Compressing: C:\Users\Administrator\Documents\projects\copytrades\dist\CopyTrades\_internal\tzdata\zoneinfo\Atlantic\South_Georgia
   Compressing: C:\Users\Administrator\Documents\projects\copytrades\dist\CopyTrades\_internal\tzdata\zoneinfo\Atlantic\Stanley
   Compressing: C:\Users\Administrator\Documents\projects\copytrades\dist\CopyTrades\_internal\tzdata\zoneinfo\Atlantic\St_Helena
   Compressing: C:\Users\Administrator\Documents\projects\copytrades\dist\CopyTrades\_internal\tzdata\zoneinfo\Australia\ACT
   Compressing: C:\Users\Administrator\Documents\projects\copytrades\dist\CopyTrades\_internal\tzdata\zoneinfo\Australia\Adelaide
   Compressing: C:\Users\Administrator\Documents\projects\copytrades\dist\CopyTrades\_internal\tzdata\zoneinfo\Australia\Brisbane
   Compressing: C:\Users\Administrator\Documents\projects\copytrades\dist\CopyTrades\_internal\tzdata\zoneinfo\Australia\Broken_Hill
   Compressing: C:\Users\Administrator\Documents\projects\copytrades\dist\CopyTrades\_internal\tzdata\zoneinfo\Australia\Canberra
   Compressing: C:\Users\Administrator\Documents\projects\copytrades\dist\CopyTrades\_internal\tzdata\zoneinfo\Australia\Currie
   Compressing: C:\Users\Administrator\Documents\projects\copytrades\dist\CopyTrades\_internal\tzdata\zoneinfo\Australia\Darwin
   Compressing: C:\Users\Administrator\Documents\projects\copytrades\dist\CopyTrades\_internal\tzdata\zoneinfo\Australia\Eucla
   Compressing: C:\Users\Administrator\Documents\projects\copytrades\dist\CopyTrades\_internal\tzdata\zoneinfo\Australia\Hobart
   Compressing: C:\Users\Administrator\Documents\projects\copytrades\dist\CopyTrades\_internal\tzdata\zoneinfo\Australia\LHI
   Compressing: C:\Users\Administrator\Documents\projects\copytrades\dist\CopyTrades\_internal\tzdata\zoneinfo\Australia\Lindeman
   Compressing: C:\Users\Administrator\Documents\projects\copytrades\dist\CopyTrades\_internal\tzdata\zoneinfo\Australia\Lord_Howe
   Compressing: C:\Users\Administrator\Documents\projects\copytrades\dist\CopyTrades\_internal\tzdata\zoneinfo\Australia\Melbourne
   Compressing: C:\Users\Administrator\Documents\projects\copytrades\dist\CopyTrades\_internal\tzdata\zoneinfo\Australia\North
   Compressing: C:\Users\Administrator\Documents\projects\copytrades\dist\CopyTrades\_internal\tzdata\zoneinfo\Australia\NSW
   Compressing: C:\Users\Administrator\Documents\projects\copytrades\dist\CopyTrades\_internal\tzdata\zoneinfo\Australia\Perth
   Compressing: C:\Users\Administrator\Documents\projects\copytrades\dist\CopyTrades\_internal\tzdata\zoneinfo\Australia\Queensland
   Compressing: C:\Users\Administrator\Documents\projects\copytrades\dist\CopyTrades\_internal\tzdata\zoneinfo\Australia\South
   Compressing: C:\Users\Administrator\Documents\projects\copytrades\dist\CopyTrades\_internal\tzdata\zoneinfo\Australia\Sydney
   Compressing: C:\Users\Administrator\Documents\projects\copytrades\dist\CopyTrades\_internal\tzdata\zoneinfo\Australia\Tasmania
   Compressing: C:\Users\Administrator\Documents\projects\copytrades\dist\CopyTrades\_internal\tzdata\zoneinfo\Australia\Victoria
   Compressing: C:\Users\Administrator\Documents\projects\copytrades\dist\CopyTrades\_internal\tzdata\zoneinfo\Australia\West
   Compressing: C:\Users\Administrator\Documents\projects\copytrades\dist\CopyTrades\_internal\tzdata\zoneinfo\Australia\Yancowinna
   Compressing: C:\Users\Administrator\Documents\projects\copytrades\dist\CopyTrades\_internal\tzdata\zoneinfo\Brazil\Acre
   Compressing: C:\Users\Administrator\Documents\projects\copytrades\dist\CopyTrades\_internal\tzdata\zoneinfo\Brazil\DeNoronha
   Compressing: C:\Users\Administrator\Documents\projects\copytrades\dist\CopyTrades\_internal\tzdata\zoneinfo\Brazil\East
   Compressing: C:\Users\Administrator\Documents\projects\copytrades\dist\CopyTrades\_internal\tzdata\zoneinfo\Brazil\West
   Compressing: C:\Users\Administrator\Documents\projects\copytrades\dist\CopyTrades\_internal\tzdata\zoneinfo\Canada\Atlantic
   Compressing: C:\Users\Administrator\Documents\projects\copytrades\dist\CopyTrades\_internal\tzdata\zoneinfo\Canada\Central
   Compressing: C:\Users\Administrator\Documents\projects\copytrades\dist\CopyTrades\_internal\tzdata\zoneinfo\Canada\Eastern
   Compressing: C:\Users\Administrator\Documents\projects\copytrades\dist\CopyTrades\_internal\tzdata\zoneinfo\Canada\Mountain
   Compressing: C:\Users\Administrator\Documents\projects\copytrades\dist\CopyTrades\_internal\tzdata\zoneinfo\Canada\Newfoundland
   Compressing: C:\Users\Administrator\Documents\projects\copytrades\dist\CopyTrades\_internal\tzdata\zoneinfo\Canada\Pacific
   Compressing: C:\Users\Administrator\Documents\projects\copytrades\dist\CopyTrades\_internal\tzdata\zoneinfo\Canada\Saskatchewan
   Compressing: C:\Users\Administrator\Documents\projects\copytrades\dist\CopyTrades\_internal\tzdata\zoneinfo\Canada\Yukon
   Compressing: C:\Users\Administrator\Documents\projects\copytrades\dist\CopyTrades\_internal\tzdata\zoneinfo\Chile\Continental
   Compressing: C:\Users\Administrator\Documents\projects\copytrades\dist\CopyTrades\_internal\tzdata\zoneinfo\Chile\EasterIsland
   Compressing: C:\Users\Administrator\Documents\projects\copytrades\dist\CopyTrades\_internal\tzdata\zoneinfo\Etc\GMT
   Compressing: C:\Users\Administrator\Documents\projects\copytrades\dist\CopyTrades\_internal\tzdata\zoneinfo\Etc\GMT+0
   Compressing: C:\Users\Administrator\Documents\projects\copytrades\dist\CopyTrades\_internal\tzdata\zoneinfo\Etc\GMT+1
   Compressing: C:\Users\Administrator\Documents\projects\copytrades\dist\CopyTrades\_internal\tzdata\zoneinfo\Etc\GMT+10
   Compressing: C:\Users\Administrator\Documents\projects\copytrades\dist\CopyTrades\_internal\tzdata\zoneinfo\Etc\GMT+11
   Compressing: C:\Users\Administrator\Documents\projects\copytrades\dist\CopyTrades\_internal\tzdata\zoneinfo\Etc\GMT+12
   Compressing: C:\Users\Administrator\Documents\projects\copytrades\dist\CopyTrades\_internal\tzdata\zoneinfo\Etc\GMT+2
   Compressing: C:\Users\Administrator\Documents\projects\copytrades\dist\CopyTrades\_internal\tzdata\zoneinfo\Etc\GMT+3
   Compressing: C:\Users\Administrator\Documents\projects\copytrades\dist\CopyTrades\_internal\tzdata\zoneinfo\Etc\GMT+4
   Compressing: C:\Users\Administrator\Documents\projects\copytrades\dist\CopyTrades\_internal\tzdata\zoneinfo\Etc\GMT+5
   Compressing: C:\Users\Administrator\Documents\projects\copytrades\dist\CopyTrades\_internal\tzdata\zoneinfo\Etc\GMT+6
   Compressing: C:\Users\Administrator\Documents\projects\copytrades\dist\CopyTrades\_internal\tzdata\zoneinfo\Etc\GMT+7
   Compressing: C:\Users\Administrator\Documents\projects\copytrades\dist\CopyTrades\_internal\tzdata\zoneinfo\Etc\GMT+8
   Compressing: C:\Users\Administrator\Documents\projects\copytrades\dist\CopyTrades\_internal\tzdata\zoneinfo\Etc\GMT+9
   Compressing: C:\Users\Administrator\Documents\projects\copytrades\dist\CopyTrades\_internal\tzdata\zoneinfo\Etc\GMT-0
   Compressing: C:\Users\Administrator\Documents\projects\copytrades\dist\CopyTrades\_internal\tzdata\zoneinfo\Etc\GMT-1
   Compressing: C:\Users\Administrator\Documents\projects\copytrades\dist\CopyTrades\_internal\tzdata\zoneinfo\Etc\GMT-10
   Compressing: C:\Users\Administrator\Documents\projects\copytrades\dist\CopyTrades\_internal\tzdata\zoneinfo\Etc\GMT-11
   Compressing: C:\Users\Administrator\Documents\projects\copytrades\dist\CopyTrades\_internal\tzdata\zoneinfo\Etc\GMT-12
   Compressing: C:\Users\Administrator\Documents\projects\copytrades\dist\CopyTrades\_internal\tzdata\zoneinfo\Etc\GMT-13
   Compressing: C:\Users\Administrator\Documents\projects\copytrades\dist\CopyTrades\_internal\tzdata\zoneinfo\Etc\GMT-14
   Compressing: C:\Users\Administrator\Documents\projects\copytrades\dist\CopyTrades\_internal\tzdata\zoneinfo\Etc\GMT-2
   Compressing: C:\Users\Administrator\Documents\projects\copytrades\dist\CopyTrades\_internal\tzdata\zoneinfo\Etc\GMT-3
   Compressing: C:\Users\Administrator\Documents\projects\copytrades\dist\CopyTrades\_internal\tzdata\zoneinfo\Etc\GMT-4
   Compressing: C:\Users\Administrator\Documents\projects\copytrades\dist\CopyTrades\_internal\tzdata\zoneinfo\Etc\GMT-5
   Compressing: C:\Users\Administrator\Documents\projects\copytrades\dist\CopyTrades\_internal\tzdata\zoneinfo\Etc\GMT-6
   Compressing: C:\Users\Administrator\Documents\projects\copytrades\dist\CopyTrades\_internal\tzdata\zoneinfo\Etc\GMT-7
   Compressing: C:\Users\Administrator\Documents\projects\copytrades\dist\CopyTrades\_internal\tzdata\zoneinfo\Etc\GMT-8
   Compressing: C:\Users\Administrator\Documents\projects\copytrades\dist\CopyTrades\_internal\tzdata\zoneinfo\Etc\GMT-9
   Compressing: C:\Users\Administrator\Documents\projects\copytrades\dist\CopyTrades\_internal\tzdata\zoneinfo\Etc\GMT0
   Compressing: C:\Users\Administrator\Documents\projects\copytrades\dist\CopyTrades\_internal\tzdata\zoneinfo\Etc\Greenwich
   Compressing: C:\Users\Administrator\Documents\projects\copytrades\dist\CopyTrades\_internal\tzdata\zoneinfo\Etc\UCT
   Compressing: C:\Users\Administrator\Documents\projects\copytrades\dist\CopyTrades\_internal\tzdata\zoneinfo\Etc\Universal
   Compressing: C:\Users\Administrator\Documents\projects\copytrades\dist\CopyTrades\_internal\tzdata\zoneinfo\Etc\UTC
   Compressing: C:\Users\Administrator\Documents\projects\copytrades\dist\CopyTrades\_internal\tzdata\zoneinfo\Etc\Zulu
   Compressing: C:\Users\Administrator\Documents\projects\copytrades\dist\CopyTrades\_internal\tzdata\zoneinfo\Europe\Amsterdam
   Compressing: C:\Users\Administrator\Documents\projects\copytrades\dist\CopyTrades\_internal\tzdata\zoneinfo\Europe\Andorra
   Compressing: C:\Users\Administrator\Documents\projects\copytrades\dist\CopyTrades\_internal\tzdata\zoneinfo\Europe\Astrakhan
   Compressing: C:\Users\Administrator\Documents\projects\copytrades\dist\CopyTrades\_internal\tzdata\zoneinfo\Europe\Athens
   Compressing: C:\Users\Administrator\Documents\projects\copytrades\dist\CopyTrades\_internal\tzdata\zoneinfo\Europe\Belfast
   Compressing: C:\Users\Administrator\Documents\projects\copytrades\dist\CopyTrades\_internal\tzdata\zoneinfo\Europe\Belgrade
   Compressing: C:\Users\Administrator\Documents\projects\copytrades\dist\CopyTrades\_internal\tzdata\zoneinfo\Europe\Berlin
   Compressing: C:\Users\Administrator\Documents\projects\copytrades\dist\CopyTrades\_internal\tzdata\zoneinfo\Europe\Bratislava
   Compressing: C:\Users\Administrator\Documents\projects\copytrades\dist\CopyTrades\_internal\tzdata\zoneinfo\Europe\Brussels
   Compressing: C:\Users\Administrator\Documents\projects\copytrades\dist\CopyTrades\_internal\tzdata\zoneinfo\Europe\Bucharest
   Compressing: C:\Users\Administrator\Documents\projects\copytrades\dist\CopyTrades\_internal\tzdata\zoneinfo\Europe\Budapest
   Compressing: C:\Users\Administrator\Documents\projects\copytrades\dist\CopyTrades\_internal\tzdata\zoneinfo\Europe\Busingen
   Compressing: C:\Users\Administrator\Documents\projects\copytrades\dist\CopyTrades\_internal\tzdata\zoneinfo\Europe\Chisinau
   Compressing: C:\Users\Administrator\Documents\projects\copytrades\dist\CopyTrades\_internal\tzdata\zoneinfo\Europe\Copenhagen
   Compressing: C:\Users\Administrator\Documents\projects\copytrades\dist\CopyTrades\_internal\tzdata\zoneinfo\Europe\Dublin
   Compressing: C:\Users\Administrator\Documents\projects\copytrades\dist\CopyTrades\_internal\tzdata\zoneinfo\Europe\Gibraltar
   Compressing: C:\Users\Administrator\Documents\projects\copytrades\dist\CopyTrades\_internal\tzdata\zoneinfo\Europe\Guernsey
   Compressing: C:\Users\Administrator\Documents\projects\copytrades\dist\CopyTrades\_internal\tzdata\zoneinfo\Europe\Helsinki
   Compressing: C:\Users\Administrator\Documents\projects\copytrades\dist\CopyTrades\_internal\tzdata\zoneinfo\Europe\Isle_of_Man
   Compressing: C:\Users\Administrator\Documents\projects\copytrades\dist\CopyTrades\_internal\tzdata\zoneinfo\Europe\Istanbul
   Compressing: C:\Users\Administrator\Documents\projects\copytrades\dist\CopyTrades\_internal\tzdata\zoneinfo\Europe\Jersey
   Compressing: C:\Users\Administrator\Documents\projects\copytrades\dist\CopyTrades\_internal\tzdata\zoneinfo\Europe\Kaliningrad
   Compressing: C:\Users\Administrator\Documents\projects\copytrades\dist\CopyTrades\_internal\tzdata\zoneinfo\Europe\Kiev
   Compressing: C:\Users\Administrator\Documents\projects\copytrades\dist\CopyTrades\_internal\tzdata\zoneinfo\Europe\Kirov
   Compressing: C:\Users\Administrator\Documents\projects\copytrades\dist\CopyTrades\_internal\tzdata\zoneinfo\Europe\Kyiv
   Compressing: C:\Users\Administrator\Documents\projects\copytrades\dist\CopyTrades\_internal\tzdata\zoneinfo\Europe\Lisbon
   Compressing: C:\Users\Administrator\Documents\projects\copytrades\dist\CopyTrades\_internal\tzdata\zoneinfo\Europe\Ljubljana
   Compressing: C:\Users\Administrator\Documents\projects\copytrades\dist\CopyTrades\_internal\tzdata\zoneinfo\Europe\London
   Compressing: C:\Users\Administrator\Documents\projects\copytrades\dist\CopyTrades\_internal\tzdata\zoneinfo\Europe\Luxembourg
   Compressing: C:\Users\Administrator\Documents\projects\copytrades\dist\CopyTrades\_internal\tzdata\zoneinfo\Europe\Madrid
   Compressing: C:\Users\Administrator\Documents\projects\copytrades\dist\CopyTrades\_internal\tzdata\zoneinfo\Europe\Malta
   Compressing: C:\Users\Administrator\Documents\projects\copytrades\dist\CopyTrades\_internal\tzdata\zoneinfo\Europe\Mariehamn
   Compressing: C:\Users\Administrator\Documents\projects\copytrades\dist\CopyTrades\_internal\tzdata\zoneinfo\Europe\Minsk
   Compressing: C:\Users\Administrator\Documents\projects\copytrades\dist\CopyTrades\_internal\tzdata\zoneinfo\Europe\Monaco
   Compressing: C:\Users\Administrator\Documents\projects\copytrades\dist\CopyTrades\_internal\tzdata\zoneinfo\Europe\Moscow
   Compressing: C:\Users\Administrator\Documents\projects\copytrades\dist\CopyTrades\_internal\tzdata\zoneinfo\Europe\Nicosia
   Compressing: C:\Users\Administrator\Documents\projects\copytrades\dist\CopyTrades\_internal\tzdata\zoneinfo\Europe\Oslo
   Compressing: C:\Users\Administrator\Documents\projects\copytrades\dist\CopyTrades\_internal\tzdata\zoneinfo\Europe\Paris
   Compressing: C:\Users\Administrator\Documents\projects\copytrades\dist\CopyTrades\_internal\tzdata\zoneinfo\Europe\Podgorica
   Compressing: C:\Users\Administrator\Documents\projects\copytrades\dist\CopyTrades\_internal\tzdata\zoneinfo\Europe\Prague
   Compressing: C:\Users\Administrator\Documents\projects\copytrades\dist\CopyTrades\_internal\tzdata\zoneinfo\Europe\Riga
   Compressing: C:\Users\Administrator\Documents\projects\copytrades\dist\CopyTrades\_internal\tzdata\zoneinfo\Europe\Rome
   Compressing: C:\Users\Administrator\Documents\projects\copytrades\dist\CopyTrades\_internal\tzdata\zoneinfo\Europe\Samara
   Compressing: C:\Users\Administrator\Documents\projects\copytrades\dist\CopyTrades\_internal\tzdata\zoneinfo\Europe\San_Marino
   Compressing: C:\Users\Administrator\Documents\projects\copytrades\dist\CopyTrades\_internal\tzdata\zoneinfo\Europe\Sarajevo
   Compressing: C:\Users\Administrator\Documents\projects\copytrades\dist\CopyTrades\_internal\tzdata\zoneinfo\Europe\Saratov
   Compressing: C:\Users\Administrator\Documents\projects\copytrades\dist\CopyTrades\_internal\tzdata\zoneinfo\Europe\Simferopol
   Compressing: C:\Users\Administrator\Documents\projects\copytrades\dist\CopyTrades\_internal\tzdata\zoneinfo\Europe\Skopje
   Compressing: C:\Users\Administrator\Documents\projects\copytrades\dist\CopyTrades\_internal\tzdata\zoneinfo\Europe\Sofia
   Compressing: C:\Users\Administrator\Documents\projects\copytrades\dist\CopyTrades\_internal\tzdata\zoneinfo\Europe\Stockholm
   Compressing: C:\Users\Administrator\Documents\projects\copytrades\dist\CopyTrades\_internal\tzdata\zoneinfo\Europe\Tallinn
   Compressing: C:\Users\Administrator\Documents\projects\copytrades\dist\CopyTrades\_internal\tzdata\zoneinfo\Europe\Tirane
   Compressing: C:\Users\Administrator\Documents\projects\copytrades\dist\CopyTrades\_internal\tzdata\zoneinfo\Europe\Tiraspol
   Compressing: C:\Users\Administrator\Documents\projects\copytrades\dist\CopyTrades\_internal\tzdata\zoneinfo\Europe\Ulyanovsk
   Compressing: C:\Users\Administrator\Documents\projects\copytrades\dist\CopyTrades\_internal\tzdata\zoneinfo\Europe\Uzhgorod
   Compressing: C:\Users\Administrator\Documents\projects\copytrades\dist\CopyTrades\_internal\tzdata\zoneinfo\Europe\Vaduz
   Compressing: C:\Users\Administrator\Documents\projects\copytrades\dist\CopyTrades\_internal\tzdata\zoneinfo\Europe\Vatican
   Compressing: C:\Users\Administrator\Documents\projects\copytrades\dist\CopyTrades\_internal\tzdata\zoneinfo\Europe\Vienna
   Compressing: C:\Users\Administrator\Documents\projects\copytrades\dist\CopyTrades\_internal\tzdata\zoneinfo\Europe\Vilnius
   Compressing: C:\Users\Administrator\Documents\projects\copytrades\dist\CopyTrades\_internal\tzdata\zoneinfo\Europe\Volgograd
   Compressing: C:\Users\Administrator\Documents\projects\copytrades\dist\CopyTrades\_internal\tzdata\zoneinfo\Europe\Warsaw
   Compressing: C:\Users\Administrator\Documents\projects\copytrades\dist\CopyTrades\_internal\tzdata\zoneinfo\Europe\Zagreb
   Compressing: C:\Users\Administrator\Documents\projects\copytrades\dist\CopyTrades\_internal\tzdata\zoneinfo\Europe\Zaporozhye
   Compressing: C:\Users\Administrator\Documents\projects\copytrades\dist\CopyTrades\_internal\tzdata\zoneinfo\Europe\Zurich
   Compressing: C:\Users\Administrator\Documents\projects\copytrades\dist\CopyTrades\_internal\tzdata\zoneinfo\Indian\Antananarivo
   Compressing: C:\Users\Administrator\Documents\projects\copytrades\dist\CopyTrades\_internal\tzdata\zoneinfo\Indian\Chagos
   Compressing: C:\Users\Administrator\Documents\projects\copytrades\dist\CopyTrades\_internal\tzdata\zoneinfo\Indian\Christmas
   Compressing: C:\Users\Administrator\Documents\projects\copytrades\dist\CopyTrades\_internal\tzdata\zoneinfo\Indian\Cocos
   Compressing: C:\Users\Administrator\Documents\projects\copytrades\dist\CopyTrades\_internal\tzdata\zoneinfo\Indian\Comoro
   Compressing: C:\Users\Administrator\Documents\projects\copytrades\dist\CopyTrades\_internal\tzdata\zoneinfo\Indian\Kerguelen
   Compressing: C:\Users\Administrator\Documents\projects\copytrades\dist\CopyTrades\_internal\tzdata\zoneinfo\Indian\Mahe
   Compressing: C:\Users\Administrator\Documents\projects\copytrades\dist\CopyTrades\_internal\tzdata\zoneinfo\Indian\Maldives
   Compressing: C:\Users\Administrator\Documents\projects\copytrades\dist\CopyTrades\_internal\tzdata\zoneinfo\Indian\Mauritius
   Compressing: C:\Users\Administrator\Documents\projects\copytrades\dist\CopyTrades\_internal\tzdata\zoneinfo\Indian\Mayotte
   Compressing: C:\Users\Administrator\Documents\projects\copytrades\dist\CopyTrades\_internal\tzdata\zoneinfo\Indian\Reunion
   Compressing: C:\Users\Administrator\Documents\projects\copytrades\dist\CopyTrades\_internal\tzdata\zoneinfo\Mexico\BajaNorte
   Compressing: C:\Users\Administrator\Documents\projects\copytrades\dist\CopyTrades\_internal\tzdata\zoneinfo\Mexico\BajaSur
   Compressing: C:\Users\Administrator\Documents\projects\copytrades\dist\CopyTrades\_internal\tzdata\zoneinfo\Mexico\General
   Compressing: C:\Users\Administrator\Documents\projects\copytrades\dist\CopyTrades\_internal\tzdata\zoneinfo\Pacific\Apia
   Compressing: C:\Users\Administrator\Documents\projects\copytrades\dist\CopyTrades\_internal\tzdata\zoneinfo\Pacific\Auckland
   Compressing: C:\Users\Administrator\Documents\projects\copytrades\dist\CopyTrades\_internal\tzdata\zoneinfo\Pacific\Bougainville
   Compressing: C:\Users\Administrator\Documents\projects\copytrades\dist\CopyTrades\_internal\tzdata\zoneinfo\Pacific\Chatham
   Compressing: C:\Users\Administrator\Documents\projects\copytrades\dist\CopyTrades\_internal\tzdata\zoneinfo\Pacific\Chuuk
   Compressing: C:\Users\Administrator\Documents\projects\copytrades\dist\CopyTrades\_internal\tzdata\zoneinfo\Pacific\Easter
   Compressing: C:\Users\Administrator\Documents\projects\copytrades\dist\CopyTrades\_internal\tzdata\zoneinfo\Pacific\Efate
   Compressing: C:\Users\Administrator\Documents\projects\copytrades\dist\CopyTrades\_internal\tzdata\zoneinfo\Pacific\Enderbury
   Compressing: C:\Users\Administrator\Documents\projects\copytrades\dist\CopyTrades\_internal\tzdata\zoneinfo\Pacific\Fakaofo
   Compressing: C:\Users\Administrator\Documents\projects\copytrades\dist\CopyTrades\_internal\tzdata\zoneinfo\Pacific\Fiji
   Compressing: C:\Users\Administrator\Documents\projects\copytrades\dist\CopyTrades\_internal\tzdata\zoneinfo\Pacific\Funafuti
   Compressing: C:\Users\Administrator\Documents\projects\copytrades\dist\CopyTrades\_internal\tzdata\zoneinfo\Pacific\Galapagos
   Compressing: C:\Users\Administrator\Documents\projects\copytrades\dist\CopyTrades\_internal\tzdata\zoneinfo\Pacific\Gambier
   Compressing: C:\Users\Administrator\Documents\projects\copytrades\dist\CopyTrades\_internal\tzdata\zoneinfo\Pacific\Guadalcanal
   Compressing: C:\Users\Administrator\Documents\projects\copytrades\dist\CopyTrades\_internal\tzdata\zoneinfo\Pacific\Guam
   Compressing: C:\Users\Administrator\Documents\projects\copytrades\dist\CopyTrades\_internal\tzdata\zoneinfo\Pacific\Honolulu
   Compressing: C:\Users\Administrator\Documents\projects\copytrades\dist\CopyTrades\_internal\tzdata\zoneinfo\Pacific\Johnston
   Compressing: C:\Users\Administrator\Documents\projects\copytrades\dist\CopyTrades\_internal\tzdata\zoneinfo\Pacific\Kanton
   Compressing: C:\Users\Administrator\Documents\projects\copytrades\dist\CopyTrades\_internal\tzdata\zoneinfo\Pacific\Kiritimati
   Compressing: C:\Users\Administrator\Documents\projects\copytrades\dist\CopyTrades\_internal\tzdata\zoneinfo\Pacific\Kosrae
   Compressing: C:\Users\Administrator\Documents\projects\copytrades\dist\CopyTrades\_internal\tzdata\zoneinfo\Pacific\Kwajalein
   Compressing: C:\Users\Administrator\Documents\projects\copytrades\dist\CopyTrades\_internal\tzdata\zoneinfo\Pacific\Majuro
   Compressing: C:\Users\Administrator\Documents\projects\copytrades\dist\CopyTrades\_internal\tzdata\zoneinfo\Pacific\Marquesas
   Compressing: C:\Users\Administrator\Documents\projects\copytrades\dist\CopyTrades\_internal\tzdata\zoneinfo\Pacific\Midway
   Compressing: C:\Users\Administrator\Documents\projects\copytrades\dist\CopyTrades\_internal\tzdata\zoneinfo\Pacific\Nauru
   Compressing: C:\Users\Administrator\Documents\projects\copytrades\dist\CopyTrades\_internal\tzdata\zoneinfo\Pacific\Niue
   Compressing: C:\Users\Administrator\Documents\projects\copytrades\dist\CopyTrades\_internal\tzdata\zoneinfo\Pacific\Norfolk
   Compressing: C:\Users\Administrator\Documents\projects\copytrades\dist\CopyTrades\_internal\tzdata\zoneinfo\Pacific\Noumea
   Compressing: C:\Users\Administrator\Documents\projects\copytrades\dist\CopyTrades\_internal\tzdata\zoneinfo\Pacific\Pago_Pago
   Compressing: C:\Users\Administrator\Documents\projects\copytrades\dist\CopyTrades\_internal\tzdata\zoneinfo\Pacific\Palau
   Compressing: C:\Users\Administrator\Documents\projects\copytrades\dist\CopyTrades\_internal\tzdata\zoneinfo\Pacific\Pitcairn
   Compressing: C:\Users\Administrator\Documents\projects\copytrades\dist\CopyTrades\_internal\tzdata\zoneinfo\Pacific\Pohnpei
   Compressing: C:\Users\Administrator\Documents\projects\copytrades\dist\CopyTrades\_internal\tzdata\zoneinfo\Pacific\Ponape
   Compressing: C:\Users\Administrator\Documents\projects\copytrades\dist\CopyTrades\_internal\tzdata\zoneinfo\Pacific\Port_Moresby
   Compressing: C:\Users\Administrator\Documents\projects\copytrades\dist\CopyTrades\_internal\tzdata\zoneinfo\Pacific\Rarotonga
   Compressing: C:\Users\Administrator\Documents\projects\copytrades\dist\CopyTrades\_internal\tzdata\zoneinfo\Pacific\Saipan
   Compressing: C:\Users\Administrator\Documents\projects\copytrades\dist\CopyTrades\_internal\tzdata\zoneinfo\Pacific\Samoa
   Compressing: C:\Users\Administrator\Documents\projects\copytrades\dist\CopyTrades\_internal\tzdata\zoneinfo\Pacific\Tahiti
   Compressing: C:\Users\Administrator\Documents\projects\copytrades\dist\CopyTrades\_internal\tzdata\zoneinfo\Pacific\Tarawa
   Compressing: C:\Users\Administrator\Documents\projects\copytrades\dist\CopyTrades\_internal\tzdata\zoneinfo\Pacific\Tongatapu
   Compressing: C:\Users\Administrator\Documents\projects\copytrades\dist\CopyTrades\_internal\tzdata\zoneinfo\Pacific\Truk
   Compressing: C:\Users\Administrator\Documents\projects\copytrades\dist\CopyTrades\_internal\tzdata\zoneinfo\Pacific\Wake
   Compressing: C:\Users\Administrator\Documents\projects\copytrades\dist\CopyTrades\_internal\tzdata\zoneinfo\Pacific\Wallis
   Compressing: C:\Users\Administrator\Documents\projects\copytrades\dist\CopyTrades\_internal\tzdata\zoneinfo\Pacific\Yap
   Compressing: C:\Users\Administrator\Documents\projects\copytrades\dist\CopyTrades\_internal\tzdata\zoneinfo\US\Alaska
   Compressing: C:\Users\Administrator\Documents\projects\copytrades\dist\CopyTrades\_internal\tzdata\zoneinfo\US\Aleutian
   Compressing: C:\Users\Administrator\Documents\projects\copytrades\dist\CopyTrades\_internal\tzdata\zoneinfo\US\Arizona
   Compressing: C:\Users\Administrator\Documents\projects\copytrades\dist\CopyTrades\_internal\tzdata\zoneinfo\US\Central
   Compressing: C:\Users\Administrator\Documents\projects\copytrades\dist\CopyTrades\_internal\tzdata\zoneinfo\US\East-Indiana
   Compressing: C:\Users\Administrator\Documents\projects\copytrades\dist\CopyTrades\_internal\tzdata\zoneinfo\US\Eastern
   Compressing: C:\Users\Administrator\Documents\projects\copytrades\dist\CopyTrades\_internal\tzdata\zoneinfo\US\Hawaii
   Compressing: C:\Users\Administrator\Documents\projects\copytrades\dist\CopyTrades\_internal\tzdata\zoneinfo\US\Indiana-Starke
   Compressing: C:\Users\Administrator\Documents\projects\copytrades\dist\CopyTrades\_internal\tzdata\zoneinfo\US\Michigan
   Compressing: C:\Users\Administrator\Documents\projects\copytrades\dist\CopyTrades\_internal\tzdata\zoneinfo\US\Mountain
   Compressing: C:\Users\Administrator\Documents\projects\copytrades\dist\CopyTrades\_internal\tzdata\zoneinfo\US\Pacific
   Compressing: C:\Users\Administrator\Documents\projects\copytrades\dist\CopyTrades\_internal\tzdata\zoneinfo\US\Samoa
   Compressing: C:\Users\Administrator\Documents\projects\copytrades\dist\CopyTrades\_internal\watchfiles\_rust_notify.cp313-win_amd64.pyd
   Compressing: C:\Users\Administrator\Documents\projects\copytrades\dist\CopyTrades\_internal\websockets\speedups.cp313-win_amd64.pyd
   Compressing: C:\Users\Administrator\Documents\projects\copytrades\dist\CopyTrades\_internal\websockets-16.0.dist-info\entry_points.txt
   Compressing: C:\Users\Administrator\Documents\projects\copytrades\dist\CopyTrades\_internal\websockets-16.0.dist-info\INSTALLER
   Compressing: C:\Users\Administrator\Documents\projects\copytrades\dist\CopyTrades\_internal\websockets-16.0.dist-info\METADATA
   Compressing: C:\Users\Administrator\Documents\projects\copytrades\dist\CopyTrades\_internal\websockets-16.0.dist-info\RECORD
   Compressing: C:\Users\Administrator\Documents\projects\copytrades\dist\CopyTrades\_internal\websockets-16.0.dist-info\top_level.txt
   Compressing: C:\Users\Administrator\Documents\projects\copytrades\dist\CopyTrades\_internal\websockets-16.0.dist-info\WHEEL
   Compressing: C:\Users\Administrator\Documents\projects\copytrades\dist\CopyTrades\_internal\websockets-16.0.dist-info\licenses\LICENSE
   Compressing: C:\Users\Administrator\Documents\projects\copytrades\dist\CopyTrades\_internal\win32\win32api.pyd
   Compressing: C:\Users\Administrator\Documents\projects\copytrades\dist\CopyTrades\_internal\win32\win32evtlog.pyd
   Compressing: C:\Users\Administrator\Documents\projects\copytrades\dist\CopyTrades\_internal\win32\win32gui.pyd
   Compressing: C:\Users\Administrator\Documents\projects\copytrades\dist\CopyTrades\_internal\win32\win32pdh.pyd
   Compressing: C:\Users\Administrator\Documents\projects\copytrades\dist\CopyTrades\_internal\win32\win32print.pyd
   Compressing: C:\Users\Administrator\Documents\projects\copytrades\dist\CopyTrades\_internal\yaml\_yaml.cp313-win_amd64.pyd
   Compressing: C:\Users\Administrator\Documents\projects\copytrades\tools\uninstall_services.cmd
   Compressing Setup program executable
   Updating version info (Setup.exe)
   Updating manifest (Setup.exe)


Successful compile (99.312 sec). Resulting Setup program filename is:
C:\Users\Administrator\Documents\projects\copytrades\installer\CopyTradesSetup-0.1.0.exe
